2025-10-21T23:20:20+10:00,Vehicle Speed=0,Engine Coolant Temperature=74,Throttle Position=21.96078431372549,Intake Manifold Pressure=101,Intake Air Temperature=37,MAF Air Flow Rate=7.41,Run Time Since Engine Start=262,Barometric Pressure=101,Catalyst Temperature Bank1 Sensor1=1000,Control Module Voltage=13.92
2025-10-21T23:20:23+10:00,Vehicle Speed=2,Engine Coolant Temperature=74,Throttle Position=100,Intake Manifold Pressure=107,Intake Air Temperature=37,MAF Air Flow Rate=27.43,Run Time Since Engine Start=265,Barometric Pressure=101,Catalyst Temperature Bank1 Sensor1=1000,Control Module Voltage=14.015
2025-10-21T23:20:27+10:00,Vehicle Speed=16,Engine Coolant Temperature=74,Throttle Position=100,Intake Manifold Pressure=130,Intake Air Temperature=37,MAF Air Flow Rate=45.27,Run Time Since Engine Start=268,Barometric Pressure=101,Catalyst Temperature Bank1 Sensor1=1000,Control Module Voltage=13.961
2025-10-21T23:20:30+10:00,Vehicle Speed=28,Engine Coolant Temperature=75,Throttle Position=55.68627450980392,Intake Manifold Pressure=106,Intake Air Temperature=37,MAF Air Flow Rate=10.76,Run Time Since Engine Start=272,Barometric Pressure=101,Catalyst Temperature Bank1 Sensor1=1000,Control Module Voltage=14.008
2025-10-21T23:20:33+10:00,Vehicle Speed=24,Engine Coolant Temperature=75,Throttle Position=63.92156862745098,Intake Manifold Pressure=101,Intake Air Temperature=37,MAF Air Flow Rate=16.27,Run Time Since Engine Start=275,Barometric Pressure=101,Catalyst Temperature Bank1 Sensor1=1000,Control Module Voltage=13.865
2025-10-21T23:20:37+10:00,Vehicle Speed=24,Engine Coolant Temperature=76,Throttle Position=36.86274509803921,Intake Manifold Pressure=101,Intake Air Temperature=37,MAF Air Flow Rate=32.28,Run Time Since Engine Start=278,Barometric Pressure=101,Catalyst Temperature Bank1 Sensor1=1000,Control Module Voltage=13.951
2025-10-21T23:20:40+10:00,Vehicle Speed=29,Engine Coolant Temperature=76,Throttle Position=99.6078431372549,Intake Manifold Pressure=132,Intake Air Temperature=37,MAF Air Flow Rate=49,Run Time Since Engine Start=282,Barometric Pressure=101,Catalyst Temperature Bank1 Sensor1=1000,Control Module Voltage=14.042
2025-10-21T23:20:43+10:00,Vehicle Speed=39,Engine Coolant Temperature=77,Throttle Position=100,Intake Manifold Pressure=171,Intake Air Temperature=37,MAF Air Flow Rate=65.88,Run Time Since Engine Start=285,Barometric Pressure=101,Catalyst Temperature Bank1 Sensor1=1000,Control Module Voltage=14.006
2025-10-21T23:20:47+10:00,Vehicle Speed=44,Engine Coolant Temperature=77,Throttle Position=77.6470588235294,Intake Manifold Pressure=105,Intake Air Temperature=36,MAF Air Flow Rate=11.4,Run Time Since Engine Start=289,Barometric Pressure=101,Catalyst Temperature Bank1 Sensor1=1000,Control Module Voltage=13.722
2025-10-21T23:20:50+10:00,Vehicle Speed=37,Engine Coolant Temperature=78,Throttle Position=22.745098039215687,Intake Manifold Pressure=100,Intake Air Temperature=36,MAF Air Flow Rate=7.68,Run Time Since Engine Start=292,Barometric Pressure=101,Catalyst Temperature Bank1 Sensor1=1000,Control Module Voltage=12.343
2025-10-21T23:20:54+10:00,Vehicle Speed=23,Engine Coolant Temperature=79,Throttle Position=32.15686274509804,Intake Manifold Pressure=101,Intake Air Temperature=36,MAF Air Flow Rate=8.78,Run Time Since Engine Start=295,Barometric Pressure=101,Catalyst Temperature Bank1 Sensor1=1000,Control Module Voltage=14.2
2025-10-21T23:20:57+10:00,Vehicle Speed=22,Engine Coolant Temperature=79,Throttle Position=20.392156862745097,Intake Manifold Pressure=101,Intake Air Temperature=37,MAF Air Flow Rate=7.93,Run Time Since Engine Start=299,Barometric Pressure=101,Catalyst Temperature Bank1 Sensor1=1000,Control Module Voltage=14.01
2025-10-21T23:21:00+10:00,Vehicle Speed=20,Engine Coolant Temperature=79,Throttle Position=100,Intake Manifold Pressure=113,Intake Air Temperature=37,MAF Air Flow Rate=36.22,Run Time Since Engine Start=302,Barometric Pressure=101,Catalyst Temperature Bank1 Sensor1=1000,Control Module Voltage=14.019
2025-10-21T23:21:04+10:00,Vehicle Speed=31,Engine Coolant Temperature=80,Throttle Position=100,Intake Manifold Pressure=137,Intake Air Temperature=37,MAF Air Flow Rate=67.52,Run Time Since Engine Start=305,Barometric Pressure=101,Catalyst Temperature Bank1 Sensor1=1000,Control Module Voltage=13.993
2025-10-21T23:21:07+10:00,Vehicle Speed=45,Engine Coolant Temperature=80,Throttle Position=100,Intake Manifold Pressure=205,Intake Air Temperature=38,MAF Air Flow Rate=96.32,Run Time Since Engine Start=309,Barometric Pressure=101,Catalyst Temperature Bank1 Sensor1=1000,Control Module Voltage=13.995
2025-10-21T23:21:10+10:00,Vehicle Speed=63,Engine Coolant Temperature=81,Throttle Position=100,Intake Manifold Pressure=197,Intake Air Temperature=39,MAF Air Flow Rate=111.46,Run Time Since Engine Start=312,Barometric Pressure=101,Catalyst Temperature Bank1 Sensor1=1000,Control Module Voltage=14.023
2025-10-21T23:21:14+10:00,Vehicle Speed=79,Engine Coolant Temperature=82,Throttle Position=100,Intake Manifold Pressure=207,Intake Air Temperature=42,MAF Air Flow Rate=73.25,Run Time Since Engine Start=316,Barometric Pressure=101,Catalyst Temperature Bank1 Sensor1=1000,Control Module Voltage=14.022
2025-10-21T23:21:17+10:00,Vehicle Speed=76,Engine Coolant Temperature=84,Throttle Position=100,Intake Manifold Pressure=105,Intake Air Temperature=45,MAF Air Flow Rate=18.4,Run Time Since Engine Start=319,Barometric Pressure=101,Catalyst Temperature Bank1 Sensor1=1000,Control Module Voltage=14.026
2025-10-21T23:21:20+10:00,Vehicle Speed=56,Engine Coolant Temperature=85,Throttle Position=100,Intake Manifold Pressure=121,Intake Air Temperature=46,MAF Air Flow Rate=50.52,Run Time Since Engine Start=309,Barometric Pressure=101,Catalyst Temperature Bank1 Sensor1=1000,Control Module Voltage=14.004
2025-10-21T23:21:24+10:00,Vehicle Speed=59,Engine Coolant Temperature=85,Throttle Position=100,Intake Manifold Pressure=193,Intake Air Temperature=48,MAF Air Flow Rate=73.62,Run Time Since Engine Start=312,Barometric Pressure=101,Catalyst Temperature Bank1 Sensor1=1000,Control Module Voltage=14.045
2025-10-21T23:21:27+10:00,Vehicle Speed=65,Engine Coolant Temperature=86,Throttle Position=100,Intake Manifold Pressure=112,Intake Air Temperature=49,MAF Air Flow Rate=18.92,Run Time Since Engine Start=329,Barometric Pressure=101,Catalyst Temperature Bank1 Sensor1=1000,Control Module Voltage=13.892
2025-10-21T23:21:31+10:00,Vehicle Speed=60,Engine Coolant Temperature=87,Throttle Position=67.05882352941177,Intake Manifold Pressure=101,Intake Air Temperature=49,MAF Air Flow Rate=18.77,Run Time Since Engine Start=332,Barometric Pressure=101,Catalyst Temperature Bank1 Sensor1=1000,Control Module Voltage=13.974
2025-10-21T23:21:34+10:00,Vehicle Speed=59,Engine Coolant Temperature=87,Throttle Position=91.37254901960785,Intake Manifold Pressure=102,Intake Air Temperature=49,MAF Air Flow Rate=10.87,Run Time Since Engine Start=336,Barometric Pressure=101,Catalyst Temperature Bank1 Sensor1=1000,Control Module Voltage=14.022
2025-10-21T23:21:37+10:00,Vehicle Speed=56,Engine Coolant Temperature=87,Throttle Position=99.6078431372549,Intake Manifold Pressure=153,Intake Air Temperature=49,MAF Air Flow Rate=50.05,Run Time Since Engine Start=325,Barometric Pressure=101,Catalyst Temperature Bank1 Sensor1=1000,Control Module Voltage=14.007
2025-10-21T23:21:41+10:00,Vehicle Speed=59,Engine Coolant Temperature=88,Throttle Position=100,Intake Manifold Pressure=125,Intake Air Temperature=49,MAF Air Flow Rate=17.14,Run Time Since Engine Start=342,Barometric Pressure=101,Catalyst Temperature Bank1 Sensor1=1000,Control Module Voltage=13.885
2025-10-21T23:21:44+10:00,Vehicle Speed=56,Engine Coolant Temperature=88,Throttle Position=20.784313725490197,Intake Manifold Pressure=101,Intake Air Temperature=48,MAF Air Flow Rate=9.47,Run Time Since Engine Start=346,Barometric Pressure=101,Catalyst Temperature Bank1 Sensor1=1000,Control Module Voltage=13.929
2025-10-21T23:21:48+10:00,Vehicle Speed=50,Engine Coolant Temperature=88,Throttle Position=20.784313725490197,Intake Manifold Pressure=100,Intake Air Temperature=48,MAF Air Flow Rate=9.02,Run Time Since Engine Start=349,Barometric Pressure=101,Catalyst Temperature Bank1 Sensor1=1000,Control Module Voltage=13.934
2025-10-21T23:21:51+10:00,Vehicle Speed=40,Engine Coolant Temperature=88,Throttle Position=20.392156862745097,Intake Manifold Pressure=100,Intake Air Temperature=47,MAF Air Flow Rate=8.13,Run Time Since Engine Start=353,Barometric Pressure=101,Catalyst Temperature Bank1 Sensor1=1000,Control Module Voltage=13.935
2025-10-21T23:21:54+10:00,Vehicle Speed=29,Engine Coolant Temperature=88,Throttle Position=31.372549019607842,Intake Manifold Pressure=101,Intake Air Temperature=47,MAF Air Flow Rate=10.05,Run Time Since Engine Start=356,Barometric Pressure=101,Catalyst Temperature Bank1 Sensor1=1000,Control Module Voltage=13.929
2025-10-21T23:21:58+10:00,Vehicle Speed=22,Engine Coolant Temperature=88,Throttle Position=100,Intake Manifold Pressure=118,Intake Air Temperature=47,MAF Air Flow Rate=44.39,Run Time Since Engine Start=360,Barometric Pressure=101,Catalyst Temperature Bank1 Sensor1=1000,Control Module Voltage=13.808
2025-10-21T23:22:01+10:00,Vehicle Speed=30,Engine Coolant Temperature=88,Throttle Position=100,Intake Manifold Pressure=182,Intake Air Temperature=47,MAF Air Flow Rate=77.13,Run Time Since Engine Start=363,Barometric Pressure=101,Catalyst Temperature Bank1 Sensor1=1000,Control Module Voltage=14.015
2025-10-21T23:22:05+10:00,Vehicle Speed=42,Engine Coolant Temperature=88,Throttle Position=100,Intake Manifold Pressure=196,Intake Air Temperature=47,MAF Air Flow Rate=84.73,Run Time Since Engine Start=366,Barometric Pressure=101,Catalyst Temperature Bank1 Sensor1=1000,Control Module Voltage=13.991
2025-10-21T23:22:08+10:00,Vehicle Speed=54,Engine Coolant Temperature=88,Throttle Position=100,Intake Manifold Pressure=202,Intake Air Temperature=47,MAF Air Flow Rate=81.01,Run Time Since Engine Start=370,Barometric Pressure=101,Catalyst Temperature Bank1 Sensor1=1000,Control Module Voltage=14.017
2025-10-21T23:22:11+10:00,Vehicle Speed=63,Engine Coolant Temperature=88,Throttle Position=100,Intake Manifold Pressure=206,Intake Air Temperature=49,MAF Air Flow Rate=90.76,Run Time Since Engine Start=373,Barometric Pressure=101,Catalyst Temperature Bank1 Sensor1=1000,Control Module Voltage=14.2
2025-10-21T23:22:15+10:00,Vehicle Speed=73,Engine Coolant Temperature=88,Throttle Position=100,Intake Manifold Pressure=204,Intake Air Temperature=51,MAF Air Flow Rate=117.95,Run Time Since Engine Start=376,Barometric Pressure=101,Catalyst Temperature Bank1 Sensor1=1000,Control Module Voltage=13.984
2025-10-21T23:22:18+10:00,Vehicle Speed=86,Engine Coolant Temperature=88,Throttle Position=100,Intake Manifold Pressure=204,Intake Air Temperature=56,MAF Air Flow Rate=90.77,Run Time Since Engine Start=380,Barometric Pressure=101,Catalyst Temperature Bank1 Sensor1=1000,Control Module Voltage=14.2
2025-10-21T23:22:21+10:00,Vehicle Speed=92,Engine Coolant Temperature=88,Throttle Position=100,Intake Manifold Pressure=200,Intake Air Temperature=59,MAF Air Flow Rate=92.13,Run Time Since Engine Start=383,Barometric Pressure=101,Catalyst Temperature Bank1 Sensor1=1000,Control Module Voltage=13.895
2025-10-21T23:22:25+10:00,Vehicle Speed=96,Engine Coolant Temperature=88,Throttle Position=100,Intake Manifold Pressure=199,Intake Air Temperature=62,MAF Air Flow Rate=53.05,Run Time Since Engine Start=386,Barometric Pressure=101,Catalyst Temperature Bank1 Sensor1=1000,Control Module Voltage=13.983
2025-10-21T23:22:28+10:00,Vehicle Speed=90,Engine Coolant Temperature=89,Throttle Position=100,Intake Manifold Pressure=107,Intake Air Temperature=64,MAF Air Flow Rate=28.44,Run Time Since Engine Start=390,Barometric Pressure=101,Catalyst Temperature Bank1 Sensor1=1000,Control Module Voltage=13.981
2025-10-21T23:22:31+10:00,Vehicle Speed=68,Engine Coolant Temperature=90,Throttle Position=100,Intake Manifold Pressure=103,Intake Air Temperature=63,MAF Air Flow Rate=14.12,Run Time Since Engine Start=393,Barometric Pressure=101,Catalyst Temperature Bank1 Sensor1=1000,Control Module Voltage=13.988
2025-10-21T23:22:35+10:00,Vehicle Speed=57,Engine Coolant Temperature=90,Throttle Position=20.392156862745097,Intake Manifold Pressure=100,Intake Air Temperature=62,MAF Air Flow Rate=9.84,Run Time Since Engine Start=397,Barometric Pressure=101,Catalyst Temperature Bank1 Sensor1=1000,Control Module Voltage=13.969
2025-10-21T23:22:38+10:00,Vehicle Speed=47,Engine Coolant Temperature=90,Throttle Position=20.392156862745097,Intake Manifold Pressure=100,Intake Air Temperature=61,MAF Air Flow Rate=7.25,Run Time Since Engine Start=400,Barometric Pressure=101,Catalyst Temperature Bank1 Sensor1=1000,Control Module Voltage=13.979
2025-10-21T23:22:42+10:00,Vehicle Speed=41,Engine Coolant Temperature=91,Throttle Position=100,Intake Manifold Pressure=120,Intake Air Temperature=60,MAF Air Flow Rate=47.34,Run Time Since Engine Start=403,Barometric Pressure=101,Catalyst Temperature Bank1 Sensor1=1000,Control Module Voltage=14.022
2025-10-21T23:22:45+10:00,Vehicle Speed=48,Engine Coolant Temperature=91,Throttle Position=100,Intake Manifold Pressure=162,Intake Air Temperature=60,MAF Air Flow Rate=32.53,Run Time Since Engine Start=407,Barometric Pressure=101,Catalyst Temperature Bank1 Sensor1=1000,Control Module Voltage=14.1
2025-10-21T23:22:48+10:00,Vehicle Speed=50,Engine Coolant Temperature=90,Throttle Position=100,Intake Manifold Pressure=137,Intake Air Temperature=58,MAF Air Flow Rate=48.01,Run Time Since Engine Start=410,Barometric Pressure=101,Catalyst Temperature Bank1 Sensor1=1000,Control Module Voltage=13.98
2025-10-21T23:22:52+10:00,Vehicle Speed=53,Engine Coolant Temperature=90,Throttle Position=99.2156862745098,Intake Manifold Pressure=109,Intake Air Temperature=57,MAF Air Flow Rate=15.09,Run Time Since Engine Start=413,Barometric Pressure=101,Catalyst Temperature Bank1 Sensor1=1000,Control Module Voltage=14.2
2025-10-21T23:22:55+10:00,Vehicle Speed=51,Engine Coolant Temperature=90,Throttle Position=20.392156862745097,Intake Manifold Pressure=101,Intake Air Temperature=56,MAF Air Flow Rate=8.21,Run Time Since Engine Start=417,Barometric Pressure=101,Catalyst Temperature Bank1 Sensor1=1000,Control Module Voltage=13.915
2025-10-21T23:22:58+10:00,Vehicle Speed=50,Engine Coolant Temperature=89,Throttle Position=85.09803921568627,Intake Manifold Pressure=103,Intake Air Temperature=55,MAF Air Flow Rate=16.09,Run Time Since Engine Start=420,Barometric Pressure=101,Catalyst Temperature Bank1 Sensor1=1000,Control Module Voltage=13.998
2025-10-21T23:23:02+10:00,Vehicle Speed=52,Engine Coolant Temperature=89,Throttle Position=80,Intake Manifold Pressure=102,Intake Air Temperature=54,MAF Air Flow Rate=9.32,Run Time Since Engine Start=423,Barometric Pressure=101,Catalyst Temperature Bank1 Sensor1=1000,Control Module Voltage=13.962
2025-10-21T23:23:05+10:00,Vehicle Speed=51,Engine Coolant Temperature=89,Throttle Position=95.68627450980392,Intake Manifold Pressure=102,Intake Air Temperature=53,MAF Air Flow Rate=33.35,Run Time Since Engine Start=427,Barometric Pressure=101,Catalyst Temperature Bank1 Sensor1=1000,Control Module Voltage=14.2
2025-10-21T23:23:08+10:00,Vehicle Speed=53,Engine Coolant Temperature=89,Throttle Position=100,Intake Manifold Pressure=133,Intake Air Temperature=53,MAF Air Flow Rate=34.4,Run Time Since Engine Start=430,Barometric Pressure=101,Catalyst Temperature Bank1 Sensor1=1000,Control Module Voltage=13.992
2025-10-21T23:23:12+10:00,Vehicle Speed=54,Engine Coolant Temperature=89,Throttle Position=23.529411764705884,Intake Manifold Pressure=103,Intake Air Temperature=51,MAF Air Flow Rate=9.44,Run Time Since Engine Start=434,Barometric Pressure=101,Catalyst Temperature Bank1 Sensor1=1000,Control Module Voltage=13.898
2025-10-21T23:23:15+10:00,Vehicle Speed=51,Engine Coolant Temperature=89,Throttle Position=100,Intake Manifold Pressure=119,Intake Air Temperature=51,MAF Air Flow Rate=33.05,Run Time Since Engine Start=437,Barometric Pressure=101,Catalyst Temperature Bank1 Sensor1=1000,Control Module Voltage=13.947
2025-10-21T23:23:19+10:00,Vehicle Speed=53,Engine Coolant Temperature=89,Throttle Position=99.6078431372549,Intake Manifold Pressure=107,Intake Air Temperature=50,MAF Air Flow Rate=12.06,Run Time Since Engine Start=441,Barometric Pressure=101,Catalyst Temperature Bank1 Sensor1=1000,Control Module Voltage=13.9
2025-10-21T23:23:22+10:00,Vehicle Speed=40,Engine Coolant Temperature=89,Throttle Position=20.784313725490197,Intake Manifold Pressure=100,Intake Air Temperature=49,MAF Air Flow Rate=7.17,Run Time Since Engine Start=444,Barometric Pressure=101,Catalyst Temperature Bank1 Sensor1=1000,Control Module Voltage=13.923
2025-10-21T23:23:26+10:00,Vehicle Speed=18,Engine Coolant Temperature=89,Throttle Position=34.90196078431372,Intake Manifold Pressure=101,Intake Air Temperature=49,MAF Air Flow Rate=8.86,Run Time Since Engine Start=447,Barometric Pressure=101,Catalyst Temperature Bank1 Sensor1=1000,Control Module Voltage=13.953
2025-10-21T23:23:29+10:00,Vehicle Speed=12,Engine Coolant Temperature=89,Throttle Position=25.49019607843137,Intake Manifold Pressure=101,Intake Air Temperature=48,MAF Air Flow Rate=7.78,Run Time Since Engine Start=451,Barometric Pressure=101,Catalyst Temperature Bank1 Sensor1=1000,Control Module Voltage=13.979
2025-10-21T23:23:32+10:00,Vehicle Speed=10,Engine Coolant Temperature=89,Throttle Position=100,Intake Manifold Pressure=102,Intake Air Temperature=48,MAF Air Flow Rate=9.13,Run Time Since Engine Start=454,Barometric Pressure=101,Catalyst Temperature Bank1 Sensor1=1000,Control Module Voltage=13.967
2025-10-21T23:23:36+10:00,Vehicle Speed=9,Engine Coolant Temperature=89,Throttle Position=23.92156862745098,Intake Manifold Pressure=100,Intake Air Temperature=48,MAF Air Flow Rate=14.28,Run Time Since Engine Start=457,Barometric Pressure=101,Catalyst Temperature Bank1 Sensor1=1000,Control Module Voltage=13.908
2025-10-21T23:23:39+10:00,Vehicle Speed=7,Engine Coolant Temperature=89,Throttle Position=30.980392156862745,Intake Manifold Pressure=101,Intake Air Temperature=48,MAF Air Flow Rate=7.4,Run Time Since Engine Start=461,Barometric Pressure=101,Catalyst Temperature Bank1 Sensor1=1000,Control Module Voltage=13.981
2025-10-21T23:23:42+10:00,Vehicle Speed=0,Engine Coolant Temperature=89,Throttle Position=99.6078431372549,Intake Manifold Pressure=109,Intake Air Temperature=47,MAF Air Flow Rate=24.69,Run Time Since Engine Start=464,Barometric Pressure=101,Catalyst Temperature Bank1 Sensor1=1000,Control Module Voltage=13.934
2025-10-21T23:23:46+10:00,Vehicle Speed=16,Engine Coolant Temperature=89,Throttle Position=99.6078431372549,Intake Manifold Pressure=117,Intake Air Temperature=47,MAF Air Flow Rate=28.86,Run Time Since Engine Start=467,Barometric Pressure=101,Catalyst Temperature Bank1 Sensor1=1000,Control Module Voltage=13.979
2025-10-21T23:23:49+10:00,Vehicle Speed=24,Engine Coolant Temperature=88,Throttle Position=99.6078431372549,Intake Manifold Pressure=119,Intake Air Temperature=47,MAF Air Flow Rate=19.21,Run Time Since Engine Start=471,Barometric Pressure=101,Catalyst Temperature Bank1 Sensor1=1000,Control Module Voltage=13.994
2025-10-21T23:23:52+10:00,Vehicle Speed=28,Engine Coolant Temperature=88,Throttle Position=20.392156862745097,Intake Manifold Pressure=102,Intake Air Temperature=46,MAF Air Flow Rate=28.55,Run Time Since Engine Start=474,Barometric Pressure=101,Catalyst Temperature Bank1 Sensor1=1000,Control Module Voltage=13.982
2025-10-21T23:23:56+10:00,Vehicle Speed=31,Engine Coolant Temperature=88,Throttle Position=96.86274509803921,Intake Manifold Pressure=108,Intake Air Temperature=45,MAF Air Flow Rate=12.36,Run Time Since Engine Start=478,Barometric Pressure=101,Catalyst Temperature Bank1 Sensor1=1000,Control Module Voltage=13.945
2025-10-21T23:23:59+10:00,Vehicle Speed=17,Engine Coolant Temperature=88,Throttle Position=100,Intake Manifold Pressure=101,Intake Air Temperature=45,MAF Air Flow Rate=9.76,Run Time Since Engine Start=481,Barometric Pressure=101,Catalyst Temperature Bank1 Sensor1=1000,Control Module Voltage=13.94
2025-10-21T23:24:03+10:00,Vehicle Speed=0,Engine Coolant Temperature=88,Throttle Position=20.392156862745097,Intake Manifold Pressure=100,Intake Air Temperature=45,MAF Air Flow Rate=8.07,Run Time Since Engine Start=484,Barometric Pressure=101,Catalyst Temperature Bank1 Sensor1=1000,Control Module Voltage=13.962
2025-10-21T23:24:06+10:00,Vehicle Speed=0,Engine Coolant Temperature=88,Throttle Position=20.784313725490197,Intake Manifold Pressure=100,Intake Air Temperature=45,MAF Air Flow Rate=10.89,Run Time Since Engine Start=488,Barometric Pressure=101,Catalyst Temperature Bank1 Sensor1=1000,Control Module Voltage=14
2025-10-21T23:24:09+10:00,Vehicle Speed=0,Engine Coolant Temperature=88,Throttle Position=100,Intake Manifold Pressure=101,Intake Air Temperature=45,MAF Air Flow Rate=10.91,Run Time Since Engine Start=491,Barometric Pressure=101,Catalyst Temperature Bank1 Sensor1=1000,Control Module Voltage=14.2
2025-10-21T23:24:13+10:00,Vehicle Speed=0,Engine Coolant Temperature=88,Throttle Position=100,Intake Manifold Pressure=101,Intake Air Temperature=45,MAF Air Flow Rate=8.15,Run Time Since Engine Start=494,Barometric Pressure=101,Catalyst Temperature Bank1 Sensor1=1000,Control Module Voltage=13.955
2025-10-21T23:24:16+10:00,Vehicle Speed=0,Engine Coolant Temperature=88,Throttle Position=100,Intake Manifold Pressure=101,Intake Air Temperature=45,MAF Air Flow Rate=10.96,Run Time Since Engine Start=498,Barometric Pressure=101,Catalyst Temperature Bank1 Sensor1=1000,Control Module Voltage=13.861
2025-10-21T23:24:19+10:00,Vehicle Speed=0,Engine Coolant Temperature=88,Throttle Position=100,Intake Manifold Pressure=101,Intake Air Temperature=45,MAF Air Flow Rate=8.39,Run Time Since Engine Start=501,Barometric Pressure=101,Catalyst Temperature Bank1 Sensor1=1000,Control Module Voltage=13.951
2025-10-21T23:24:23+10:00,Vehicle Speed=0,Engine Coolant Temperature=88,Throttle Position=100,Intake Manifold Pressure=101,Intake Air Temperature=45,MAF Air Flow Rate=10.89,Run Time Since Engine Start=504,Barometric Pressure=101,Catalyst Temperature Bank1 Sensor1=1000,Control Module Voltage=13.947
2025-10-21T23:24:26+10:00,Vehicle Speed=0,Engine Coolant Temperature=88,Throttle Position=100,Intake Manifold Pressure=101,Intake Air Temperature=45,MAF Air Flow Rate=9.02,Run Time Since Engine Start=508,Barometric Pressure=101,Catalyst Temperature Bank1 Sensor1=1000,Control Module Voltage=14.1
2025-10-21T23:24:29+10:00,Vehicle Speed=0,Engine Coolant Temperature=88,Throttle Position=100,Intake Manifold Pressure=101,Intake Air Temperature=45,MAF Air Flow Rate=10.71,Run Time Since Engine Start=511,Barometric Pressure=101,Catalyst Temperature Bank1 Sensor1=1000,Control Module Voltage=13.911
2025-10-21T23:24:33+10:00,Vehicle Speed=0,Engine Coolant Temperature=88,Throttle Position=100,Intake Manifold Pressure=101,Intake Air Temperature=45,MAF Air Flow Rate=8.77,Run Time Since Engine Start=515,Barometric Pressure=101,Catalyst Temperature Bank1 Sensor1=1000,Control Module Voltage=13.916
2025-10-21T23:24:36+10:00,Vehicle Speed=0,Engine Coolant Temperature=88,Throttle Position=100,Intake Manifold Pressure=101,Intake Air Temperature=45,MAF Air Flow Rate=10.53,Run Time Since Engine Start=518,Barometric Pressure=101,Catalyst Temperature Bank1 Sensor1=1000,Control Module Voltage=13.974
2025-10-21T23:24:40+10:00,Vehicle Speed=0,Engine Coolant Temperature=88,Throttle Position=100,Intake Manifold Pressure=101,Intake Air Temperature=45,MAF Air Flow Rate=8,Run Time Since Engine Start=521,Barometric Pressure=101,Catalyst Temperature Bank1 Sensor1=1000,Control Module Voltage=13.935
2025-10-21T23:24:43+10:00,Vehicle Speed=0,Engine Coolant Temperature=88,Throttle Position=100,Intake Manifold Pressure=101,Intake Air Temperature=45,MAF Air Flow Rate=10.2,Run Time Since Engine Start=525,Barometric Pressure=101,Catalyst Temperature Bank1 Sensor1=1000,Control Module Voltage=13.893
2025-10-21T23:24:47+10:00,Vehicle Speed=0,Engine Coolant Temperature=88,Throttle Position=100,Intake Manifold Pressure=101,Intake Air Temperature=45,MAF Air Flow Rate=8.86,Run Time Since Engine Start=528,Barometric Pressure=101,Catalyst Temperature Bank1 Sensor1=1000,Control Module Voltage=13.932
2025-10-21T23:24:50+10:00,Vehicle Speed=0,Engine Coolant Temperature=88,Throttle Position=100,Intake Manifold Pressure=101,Intake Air Temperature=45,MAF Air Flow Rate=8.74,Run Time Since Engine Start=532,Barometric Pressure=101,Catalyst Temperature Bank1 Sensor1=1000,Control Module Voltage=13.894
2025-10-21T23:24:53+10:00,Vehicle Speed=0,Engine Coolant Temperature=88,Throttle Position=100,Intake Manifold Pressure=101,Intake Air Temperature=45,MAF Air Flow Rate=11.07,Run Time Since Engine Start=535,Barometric Pressure=101,Catalyst Temperature Bank1 Sensor1=1000,Control Module Voltage=13.903
2025-10-21T23:24:57+10:00,Vehicle Speed=0,Engine Coolant Temperature=88,Throttle Position=100,Intake Manifold Pressure=101,Intake Air Temperature=45,MAF Air Flow Rate=7.98,Run Time Since Engine Start=538,Barometric Pressure=101,Catalyst Temperature Bank1 Sensor1=1000,Control Module Voltage=14
2025-10-21T23:25:00+10:00,Vehicle Speed=0,Engine Coolant Temperature=88,Throttle Position=100,Intake Manifold Pressure=101,Intake Air Temperature=45,MAF Air Flow Rate=8.85,Run Time Since Engine Start=542,Barometric Pressure=101,Catalyst Temperature Bank1 Sensor1=1000,Control Module Voltage=14.003
2025-10-21T23:25:03+10:00,Vehicle Speed=0,Engine Coolant Temperature=87,Throttle Position=100,Intake Manifold Pressure=101,Intake Air Temperature=45,MAF Air Flow Rate=9.97,Run Time Since Engine Start=545,Barometric Pressure=101,Catalyst Temperature Bank1 Sensor1=1000,Control Module Voltage=14.2
2025-10-21T23:25:07+10:00,Vehicle Speed=0,Engine Coolant Temperature=87,Throttle Position=100,Intake Manifold Pressure=101,Intake Air Temperature=45,MAF Air Flow Rate=9.99,Run Time Since Engine Start=548,Barometric Pressure=101,Catalyst Temperature Bank1 Sensor1=1000,Control Module Voltage=13.885
2025-10-21T23:25:10+10:00,Vehicle Speed=0,Engine Coolant Temperature=87,Throttle Position=100,Intake Manifold Pressure=101,Intake Air Temperature=45,MAF Air Flow Rate=10.56,Run Time Since Engine Start=552,Barometric Pressure=101,Catalyst Temperature Bank1 Sensor1=1000,Control Module Voltage=13.904
2025-10-21T23:25:13+10:00,Vehicle Speed=0,Engine Coolant Temperature=87,Throttle Position=100,Intake Manifold Pressure=101,Intake Air Temperature=45,MAF Air Flow Rate=8.95,Run Time Since Engine Start=555,Barometric Pressure=101,Catalyst Temperature Bank1 Sensor1=1000,Control Module Voltage=14
2025-10-21T23:25:17+10:00,Vehicle Speed=0,Engine Coolant Temperature=87,Throttle Position=100,Intake Manifold Pressure=101,Intake Air Temperature=45,MAF Air Flow Rate=10.85,Run Time Since Engine Start=559,Barometric Pressure=101,Catalyst Temperature Bank1 Sensor1=1000,Control Module Voltage=13.854
2025-10-21T23:25:20+10:00,Vehicle Speed=0,Engine Coolant Temperature=87,Throttle Position=100,Intake Manifold Pressure=101,Intake Air Temperature=45,MAF Air Flow Rate=8.64,Run Time Since Engine Start=562,Barometric Pressure=101,Catalyst Temperature Bank1 Sensor1=1000,Control Module Voltage=13.974
2025-10-21T23:25:24+10:00,Vehicle Speed=0,Engine Coolant Temperature=87,Throttle Position=100,Intake Manifold Pressure=101,Intake Air Temperature=45,MAF Air Flow Rate=8,Run Time Since Engine Start=565,Barometric Pressure=101,Catalyst Temperature Bank1 Sensor1=1000,Control Module Voltage=13.868
2025-10-21T23:25:27+10:00,Vehicle Speed=0,Engine Coolant Temperature=87,Throttle Position=100,Intake Manifold Pressure=101,Intake Air Temperature=45,MAF Air Flow Rate=10.52,Run Time Since Engine Start=569,Barometric Pressure=101,Catalyst Temperature Bank1 Sensor1=1000,Control Module Voltage=13.859
2025-10-21T23:25:30+10:00,Vehicle Speed=0,Engine Coolant Temperature=87,Throttle Position=100,Intake Manifold Pressure=101,Intake Air Temperature=45,MAF Air Flow Rate=9.32,Run Time Since Engine Start=572,Barometric Pressure=101,Catalyst Temperature Bank1 Sensor1=1000,Control Module Voltage=13.891
2025-10-21T23:25:34+10:00,Vehicle Speed=0,Engine Coolant Temperature=87,Throttle Position=100,Intake Manifold Pressure=101,Intake Air Temperature=45,MAF Air Flow Rate=10.94,Run Time Since Engine Start=576,Barometric Pressure=101,Catalyst Temperature Bank1 Sensor1=1000,Control Module Voltage=13.876
2025-10-21T23:25:37+10:00,Vehicle Speed=0,Engine Coolant Temperature=87,Throttle Position=100,Intake Manifold Pressure=101,Intake Air Temperature=45,MAF Air Flow Rate=9.73,Run Time Since Engine Start=579,Barometric Pressure=101,Catalyst Temperature Bank1 Sensor1=1000,Control Module Voltage=13.867
2025-10-21T23:25:40+10:00,Vehicle Speed=0,Engine Coolant Temperature=87,Throttle Position=100,Intake Manifold Pressure=101,Intake Air Temperature=45,MAF Air Flow Rate=10.84,Run Time Since Engine Start=582,Barometric Pressure=101,Catalyst Temperature Bank1 Sensor1=1000,Control Module Voltage=13.866
2025-10-21T23:25:44+10:00,Vehicle Speed=0,Engine Coolant Temperature=87,Throttle Position=20.392156862745097,Intake Manifold Pressure=100,Intake Air Temperature=45,MAF Air Flow Rate=8.45,Run Time Since Engine Start=585,Barometric Pressure=101,Catalyst Temperature Bank1 Sensor1=1000,Control Module Voltage=14
2025-10-21T23:25:47+10:00,Vehicle Speed=0,Engine Coolant Temperature=87,Throttle Position=100,Intake Manifold Pressure=101,Intake Air Temperature=45,MAF Air Flow Rate=9.57,Run Time Since Engine Start=589,Barometric Pressure=101,Catalyst Temperature Bank1 Sensor1=1000,Control Module Voltage=14.2
2025-10-21T23:25:50+10:00,Vehicle Speed=0,Engine Coolant Temperature=87,Throttle Position=100,Intake Manifold Pressure=101,Intake Air Temperature=45,MAF Air Flow Rate=8.06,Run Time Since Engine Start=592,Barometric Pressure=101,Catalyst Temperature Bank1 Sensor1=1000,Control Module Voltage=13.911
2025-10-21T23:25:54+10:00,Vehicle Speed=0,Engine Coolant Temperature=87,Throttle Position=100,Intake Manifold Pressure=101,Intake Air Temperature=45,MAF Air Flow Rate=10.86,Run Time Since Engine Start=596,Barometric Pressure=101,Catalyst Temperature Bank1 Sensor1=1000,Control Module Voltage=13.907
2025-10-21T23:25:57+10:00,Vehicle Speed=0,Engine Coolant Temperature=87,Throttle Position=100,Intake Manifold Pressure=101,Intake Air Temperature=45,MAF Air Flow Rate=8.23,Run Time Since Engine Start=599,Barometric Pressure=101,Catalyst Temperature Bank1 Sensor1=1000,Control Module Voltage=13.894
2025-10-21T23:26:01+10:00,Vehicle Speed=0,Engine Coolant Temperature=87,Throttle Position=100,Intake Manifold Pressure=101,Intake Air Temperature=45,MAF Air Flow Rate=10.8,Run Time Since Engine Start=602,Barometric Pressure=101,Catalyst Temperature Bank1 Sensor1=1000,Control Module Voltage=13.847
2025-10-21T23:26:04+10:00,Vehicle Speed=0,Engine Coolant Temperature=87,Throttle Position=100,Intake Manifold Pressure=101,Intake Air Temperature=45,MAF Air Flow Rate=10.58,Run Time Since Engine Start=606,Barometric Pressure=101,Catalyst Temperature Bank1 Sensor1=1000,Control Module Voltage=13.89
2025-10-21T23:26:07+10:00,Vehicle Speed=0,Engine Coolant Temperature=87,Throttle Position=100,Intake Manifold Pressure=101,Intake Air Temperature=45,MAF Air Flow Rate=9.94,Run Time Since Engine Start=609,Barometric Pressure=101,Catalyst Temperature Bank1 Sensor1=1000,Control Module Voltage=13.722
2025-10-21T23:26:11+10:00,Vehicle Speed=0,Engine Coolant Temperature=87,Throttle Position=100,Intake Manifold Pressure=101,Intake Air Temperature=45,MAF Air Flow Rate=10.45,Run Time Since Engine Start=612,Barometric Pressure=101,Catalyst Temperature Bank1 Sensor1=1000,Control Module Voltage=13.838
2025-10-21T23:26:14+10:00,Vehicle Speed=0,Engine Coolant Temperature=87,Throttle Position=100,Intake Manifold Pressure=107,Intake Air Temperature=45,MAF Air Flow Rate=34.97,Run Time Since Engine Start=616,Barometric Pressure=101,Catalyst Temperature Bank1 Sensor1=1000,Control Module Voltage=13.894
2025-10-21T23:26:18+10:00,Vehicle Speed=19,Engine Coolant Temperature=86,Throttle Position=100,Intake Manifold Pressure=158,Intake Air Temperature=45,MAF Air Flow Rate=78.1,Run Time Since Engine Start=620,Barometric Pressure=101,Catalyst Temperature Bank1 Sensor1=1000,Control Module Voltage=13.897
2025-10-21T23:26:21+10:00,Vehicle Speed=35,Engine Coolant Temperature=87,Throttle Position=100,Intake Manifold Pressure=192,Intake Air Temperature=45,MAF Air Flow Rate=82.96,Run Time Since Engine Start=623,Barometric Pressure=101,Catalyst Temperature Bank1 Sensor1=1000,Control Module Voltage=13.893
2025-10-21T23:26:24+10:00,Vehicle Speed=50,Engine Coolant Temperature=87,Throttle Position=100,Intake Manifold Pressure=195,Intake Air Temperature=45,MAF Air Flow Rate=97.46,Run Time Since Engine Start=626,Barometric Pressure=101,Catalyst Temperature Bank1 Sensor1=1000,Control Module Voltage=13.88
2025-10-21T23:26:28+10:00,Vehicle Speed=66,Engine Coolant Temperature=87,Throttle Position=100,Intake Manifold Pressure=201,Intake Air Temperature=47,MAF Air Flow Rate=111.96,Run Time Since Engine Start=630,Barometric Pressure=101,Catalyst Temperature Bank1 Sensor1=1000,Control Module Voltage=13.936
2025-10-21T23:26:31+10:00,Vehicle Speed=79,Engine Coolant Temperature=87,Throttle Position=94.50980392156863,Intake Manifold Pressure=148,Intake Air Temperature=50,MAF Air Flow Rate=69.07,Run Time Since Engine Start=633,Barometric Pressure=101,Catalyst Temperature Bank1 Sensor1=1000,Control Module Voltage=13.92
2025-10-21T23:26:35+10:00,Vehicle Speed=82,Engine Coolant Temperature=88,Throttle Position=72.94117647058823,Intake Manifold Pressure=158,Intake Air Temperature=54,MAF Air Flow Rate=35.32,Run Time Since Engine Start=636,Barometric Pressure=101,Catalyst Temperature Bank1 Sensor1=1000,Control Module Voltage=13.921
2025-10-21T23:26:38+10:00,Vehicle Speed=78,Engine Coolant Temperature=88,Throttle Position=99.6078431372549,Intake Manifold Pressure=105,Intake Air Temperature=55,MAF Air Flow Rate=24.62,Run Time Since Engine Start=640,Barometric Pressure=101,Catalyst Temperature Bank1 Sensor1=1000,Control Module Voltage=13.926
2025-10-21T23:26:41+10:00,Vehicle Speed=71,Engine Coolant Temperature=89,Throttle Position=100,Intake Manifold Pressure=120,Intake Air Temperature=56,MAF Air Flow Rate=72.38,Run Time Since Engine Start=643,Barometric Pressure=101,Catalyst Temperature Bank1 Sensor1=1000,Control Module Voltage=13.889
2025-10-21T23:26:45+10:00,Vehicle Speed=75,Engine Coolant Temperature=89,Throttle Position=100,Intake Manifold Pressure=202,Intake Air Temperature=58,MAF Air Flow Rate=119.11,Run Time Since Engine Start=646,Barometric Pressure=101,Catalyst Temperature Bank1 Sensor1=1000,Control Module Voltage=14.2
2025-10-21T23:26:48+10:00,Vehicle Speed=85,Engine Coolant Temperature=89,Throttle Position=100,Intake Manifold Pressure=198,Intake Air Temperature=60,MAF Air Flow Rate=88.21,Run Time Since Engine Start=650,Barometric Pressure=101,Catalyst Temperature Bank1 Sensor1=1000,Control Module Voltage=14.2
2025-10-21T23:26:51+10:00,Vehicle Speed=91,Engine Coolant Temperature=88,Throttle Position=100,Intake Manifold Pressure=115,Intake Air Temperature=62,MAF Air Flow Rate=26.68,Run Time Since Engine Start=653,Barometric Pressure=101,Catalyst Temperature Bank1 Sensor1=1000,Control Module Voltage=13.907
2025-10-21T23:26:55+10:00,Vehicle Speed=65,Engine Coolant Temperature=89,Throttle Position=64.31372549019608,Intake Manifold Pressure=103,Intake Air Temperature=62,MAF Air Flow Rate=10.76,Run Time Since Engine Start=657,Barometric Pressure=101,Catalyst Temperature Bank1 Sensor1=1000,Control Module Voltage=13.942
2025-10-21T23:26:58+10:00,Vehicle Speed=41,Engine Coolant Temperature=89,Throttle Position=99.6078431372549,Intake Manifold Pressure=152,Intake Air Temperature=62,MAF Air Flow Rate=86.81,Run Time Since Engine Start=660,Barometric Pressure=101,Catalyst Temperature Bank1 Sensor1=1000,Control Module Voltage=13.912
2025-10-21T23:27:01+10:00,Vehicle Speed=51,Engine Coolant Temperature=89,Throttle Position=100,Intake Manifold Pressure=199,Intake Air Temperature=63,MAF Air Flow Rate=91.64,Run Time Since Engine Start=663,Barometric Pressure=101,Catalyst Temperature Bank1 Sensor1=1000,Control Module Voltage=13.895
2025-10-21T23:27:05+10:00,Vehicle Speed=65,Engine Coolant Temperature=90,Throttle Position=100,Intake Manifold Pressure=199,Intake Air Temperature=64,MAF Air Flow Rate=107.26,Run Time Since Engine Start=638,Barometric Pressure=101,Catalyst Temperature Bank1 Sensor1=1000,Control Module Voltage=13.937
2025-10-21T23:27:08+10:00,Vehicle Speed=77,Engine Coolant Temperature=90,Throttle Position=100,Intake Manifold Pressure=202,Intake Air Temperature=66,MAF Air Flow Rate=114.6,Run Time Since Engine Start=670,Barometric Pressure=101,Catalyst Temperature Bank1 Sensor1=1000,Control Module Voltage=13.917
2025-10-21T23:27:12+10:00,Vehicle Speed=87,Engine Coolant Temperature=90,Throttle Position=100,Intake Manifold Pressure=202,Intake Air Temperature=69,MAF Air Flow Rate=84.67,Run Time Since Engine Start=673,Barometric Pressure=101,Catalyst Temperature Bank1 Sensor1=1000,Control Module Voltage=13.865
2025-10-21T23:27:15+10:00,Vehicle Speed=93,Engine Coolant Temperature=90,Throttle Position=100,Intake Manifold Pressure=201,Intake Air Temperature=72,MAF Air Flow Rate=90.13,Run Time Since Engine Start=677,Barometric Pressure=101,Catalyst Temperature Bank1 Sensor1=1000,Control Module Voltage=13.932
2025-10-21T23:27:18+10:00,Vehicle Speed=97,Engine Coolant Temperature=91,Throttle Position=100,Intake Manifold Pressure=201,Intake Air Temperature=74,MAF Air Flow Rate=92.87,Run Time Since Engine Start=680,Barometric Pressure=101,Catalyst Temperature Bank1 Sensor1=1000,Control Module Voltage=14.1
2025-10-21T23:27:22+10:00,Vehicle Speed=99,Engine Coolant Temperature=92,Throttle Position=100,Intake Manifold Pressure=177,Intake Air Temperature=76,MAF Air Flow Rate=48.01,Run Time Since Engine Start=683,Barometric Pressure=101,Catalyst Temperature Bank1 Sensor1=1000,Control Module Voltage=14.1
2025-10-21T23:27:25+10:00,Vehicle Speed=89,Engine Coolant Temperature=92,Throttle Position=100,Intake Manifold Pressure=138,Intake Air Temperature=76,MAF Air Flow Rate=51.86,Run Time Since Engine Start=687,Barometric Pressure=101,Catalyst Temperature Bank1 Sensor1=1000,Control Module Voltage=13.901
2025-10-21T23:27:28+10:00,Vehicle Speed=82,Engine Coolant Temperature=92,Throttle Position=100,Intake Manifold Pressure=148,Intake Air Temperature=76,MAF Air Flow Rate=75.6,Run Time Since Engine Start=690,Barometric Pressure=101,Catalyst Temperature Bank1 Sensor1=1000,Control Module Voltage=13.874
2025-10-21T23:27:32+10:00,Vehicle Speed=83,Engine Coolant Temperature=92,Throttle Position=100,Intake Manifold Pressure=207,Intake Air Temperature=75,MAF Air Flow Rate=81.34,Run Time Since Engine Start=694,Barometric Pressure=100,Catalyst Temperature Bank1 Sensor1=1000,Control Module Voltage=14.2
2025-10-21T23:27:35+10:00,Vehicle Speed=89,Engine Coolant Temperature=91,Throttle Position=100,Intake Manifold Pressure=207,Intake Air Temperature=74,MAF Air Flow Rate=84.78,Run Time Since Engine Start=697,Barometric Pressure=100,Catalyst Temperature Bank1 Sensor1=1000,Control Module Voltage=14
2025-10-21T23:27:39+10:00,Vehicle Speed=93,Engine Coolant Temperature=91,Throttle Position=100,Intake Manifold Pressure=204,Intake Air Temperature=73,MAF Air Flow Rate=83.07,Run Time Since Engine Start=700,Barometric Pressure=100,Catalyst Temperature Bank1 Sensor1=1000,Control Module Voltage=13.882
2025-10-21T23:27:42+10:00,Vehicle Speed=98,Engine Coolant Temperature=91,Throttle Position=100,Intake Manifold Pressure=158,Intake Air Temperature=72,MAF Air Flow Rate=37.28,Run Time Since Engine Start=704,Barometric Pressure=100,Catalyst Temperature Bank1 Sensor1=1000,Control Module Voltage=13.901
2025-10-21T23:27:45+10:00,Vehicle Speed=91,Engine Coolant Temperature=90,Throttle Position=100,Intake Manifold Pressure=112,Intake Air Temperature=71,MAF Air Flow Rate=54.14,Run Time Since Engine Start=707,Barometric Pressure=100,Catalyst Temperature Bank1 Sensor1=1000,Control Module Voltage=13.881
2025-10-21T23:27:49+10:00,Vehicle Speed=88,Engine Coolant Temperature=90,Throttle Position=100,Intake Manifold Pressure=158,Intake Air Temperature=71,MAF Air Flow Rate=67,Run Time Since Engine Start=711,Barometric Pressure=100,Catalyst Temperature Bank1 Sensor1=1000,Control Module Voltage=13.715
2025-10-21T23:27:52+10:00,Vehicle Speed=87,Engine Coolant Temperature=90,Throttle Position=100,Intake Manifold Pressure=118,Intake Air Temperature=70,MAF Air Flow Rate=29.1,Run Time Since Engine Start=714,Barometric Pressure=100,Catalyst Temperature Bank1 Sensor1=1000,Control Module Voltage=13.901
2025-10-21T23:27:56+10:00,Vehicle Speed=79,Engine Coolant Temperature=89,Throttle Position=100,Intake Manifold Pressure=105,Intake Air Temperature=69,MAF Air Flow Rate=24.8,Run Time Since Engine Start=717,Barometric Pressure=100,Catalyst Temperature Bank1 Sensor1=1000,Control Module Voltage=14.1
2025-10-21T23:27:59+10:00,Vehicle Speed=76,Engine Coolant Temperature=89,Throttle Position=100,Intake Manifold Pressure=104,Intake Air Temperature=69,MAF Air Flow Rate=23.56,Run Time Since Engine Start=721,Barometric Pressure=101,Catalyst Temperature Bank1 Sensor1=1000,Control Module Voltage=13.721
2025-10-21T23:28:02+10:00,Vehicle Speed=77,Engine Coolant Temperature=88,Throttle Position=100,Intake Manifold Pressure=106,Intake Air Temperature=68,MAF Air Flow Rate=22.02,Run Time Since Engine Start=724,Barometric Pressure=101,Catalyst Temperature Bank1 Sensor1=1000,Control Module Voltage=13.746
2025-10-21T23:28:06+10:00,Vehicle Speed=76,Engine Coolant Temperature=88,Throttle Position=100,Intake Manifold Pressure=131,Intake Air Temperature=67,MAF Air Flow Rate=34.16,Run Time Since Engine Start=728,Barometric Pressure=101,Catalyst Temperature Bank1 Sensor1=1000,Control Module Voltage=13.885
2025-10-21T23:28:09+10:00,Vehicle Speed=71,Engine Coolant Temperature=87,Throttle Position=100,Intake Manifold Pressure=132,Intake Air Temperature=66,MAF Air Flow Rate=38.62,Run Time Since Engine Start=731,Barometric Pressure=101,Catalyst Temperature Bank1 Sensor1=1000,Control Module Voltage=13.865
2025-10-21T23:28:12+10:00,Vehicle Speed=68,Engine Coolant Temperature=87,Throttle Position=100,Intake Manifold Pressure=159,Intake Air Temperature=65,MAF Air Flow Rate=33.92,Run Time Since Engine Start=734,Barometric Pressure=101,Catalyst Temperature Bank1 Sensor1=1000,Control Module Voltage=13.852
2025-10-21T23:28:16+10:00,Vehicle Speed=68,Engine Coolant Temperature=87,Throttle Position=99.6078431372549,Intake Manifold Pressure=105,Intake Air Temperature=63,MAF Air Flow Rate=22.12,Run Time Since Engine Start=738,Barometric Pressure=101,Catalyst Temperature Bank1 Sensor1=1000,Control Module Voltage=13.883
2025-10-21T23:28:19+10:00,Vehicle Speed=68,Engine Coolant Temperature=87,Throttle Position=100,Intake Manifold Pressure=102,Intake Air Temperature=61,MAF Air Flow Rate=18.49,Run Time Since Engine Start=741,Barometric Pressure=101,Catalyst Temperature Bank1 Sensor1=1000,Control Module Voltage=13.847
2025-10-21T23:28:23+10:00,Vehicle Speed=69,Engine Coolant Temperature=88,Throttle Position=100,Intake Manifold Pressure=102,Intake Air Temperature=61,MAF Air Flow Rate=19.86,Run Time Since Engine Start=744,Barometric Pressure=101,Catalyst Temperature Bank1 Sensor1=1000,Control Module Voltage=13.86
2025-10-21T23:28:26+10:00,Vehicle Speed=72,Engine Coolant Temperature=88,Throttle Position=100,Intake Manifold Pressure=102,Intake Air Temperature=60,MAF Air Flow Rate=21.15,Run Time Since Engine Start=748,Barometric Pressure=101,Catalyst Temperature Bank1 Sensor1=1000,Control Module Voltage=13.885
2025-10-21T23:28:29+10:00,Vehicle Speed=73,Engine Coolant Temperature=88,Throttle Position=100,Intake Manifold Pressure=103,Intake Air Temperature=60,MAF Air Flow Rate=22.15,Run Time Since Engine Start=751,Barometric Pressure=101,Catalyst Temperature Bank1 Sensor1=1000,Control Module Voltage=13.892
2025-10-21T23:28:33+10:00,Vehicle Speed=67,Engine Coolant Temperature=88,Throttle Position=100,Intake Manifold Pressure=103,Intake Air Temperature=59,MAF Air Flow Rate=11.23,Run Time Since Engine Start=754,Barometric Pressure=101,Catalyst Temperature Bank1 Sensor1=1000,Control Module Voltage=13.833
2025-10-21T23:28:36+10:00,Vehicle Speed=45,Engine Coolant Temperature=88,Throttle Position=20.392156862745097,Intake Manifold Pressure=101,Intake Air Temperature=58,MAF Air Flow Rate=9.44,Run Time Since Engine Start=758,Barometric Pressure=101,Catalyst Temperature Bank1 Sensor1=1000,Control Module Voltage=13.818
2025-10-21T23:28:39+10:00,Vehicle Speed=24,Engine Coolant Temperature=88,Throttle Position=20.392156862745097,Intake Manifold Pressure=100,Intake Air Temperature=58,MAF Air Flow Rate=17.84,Run Time Since Engine Start=761,Barometric Pressure=101,Catalyst Temperature Bank1 Sensor1=1000,Control Module Voltage=14.1
2025-10-21T23:28:43+10:00,Vehicle Speed=23,Engine Coolant Temperature=87,Throttle Position=100,Intake Manifold Pressure=141,Intake Air Temperature=57,MAF Air Flow Rate=49.3,Run Time Since Engine Start=765,Barometric Pressure=101,Catalyst Temperature Bank1 Sensor1=1000,Control Module Voltage=14.1
2025-10-21T23:28:46+10:00,Vehicle Speed=40,Engine Coolant Temperature=87,Throttle Position=100,Intake Manifold Pressure=159,Intake Air Temperature=56,MAF Air Flow Rate=53.67,Run Time Since Engine Start=768,Barometric Pressure=101,Catalyst Temperature Bank1 Sensor1=1000,Control Module Voltage=13.845
2025-10-21T23:28:50+10:00,Vehicle Speed=54,Engine Coolant Temperature=87,Throttle Position=99.6078431372549,Intake Manifold Pressure=195,Intake Air Temperature=55,MAF Air Flow Rate=102.91,Run Time Since Engine Start=771,Barometric Pressure=101,Catalyst Temperature Bank1 Sensor1=1000,Control Module Voltage=13.901
2025-10-21T23:28:53+10:00,Vehicle Speed=71,Engine Coolant Temperature=87,Throttle Position=100,Intake Manifold Pressure=201,Intake Air Temperature=55,MAF Air Flow Rate=88.69,Run Time Since Engine Start=775,Barometric Pressure=101,Catalyst Temperature Bank1 Sensor1=1000,Control Module Voltage=13.881
2025-10-21T23:28:56+10:00,Vehicle Speed=83,Engine Coolant Temperature=87,Throttle Position=100,Intake Manifold Pressure=194,Intake Air Temperature=56,MAF Air Flow Rate=86.76,Run Time Since Engine Start=745,Barometric Pressure=101,Catalyst Temperature Bank1 Sensor1=1000,Control Module Voltage=13.919
2025-10-21T23:29:00+10:00,Vehicle Speed=89,Engine Coolant Temperature=88,Throttle Position=99.6078431372549,Intake Manifold Pressure=114,Intake Air Temperature=58,MAF Air Flow Rate=30.97,Run Time Since Engine Start=748,Barometric Pressure=101,Catalyst Temperature Bank1 Sensor1=1000,Control Module Voltage=13.901
2025-10-21T23:29:03+10:00,Vehicle Speed=77,Engine Coolant Temperature=88,Throttle Position=100,Intake Manifold Pressure=105,Intake Air Temperature=58,MAF Air Flow Rate=20.03,Run Time Since Engine Start=785,Barometric Pressure=101,Catalyst Temperature Bank1 Sensor1=1000,Control Module Voltage=13.867
2025-10-21T23:29:06+10:00,Vehicle Speed=62,Engine Coolant Temperature=89,Throttle Position=79.2156862745098,Intake Manifold Pressure=102,Intake Air Temperature=59,MAF Air Flow Rate=18.56,Run Time Since Engine Start=788,Barometric Pressure=101,Catalyst Temperature Bank1 Sensor1=1000,Control Module Voltage=13.916
2025-10-21T23:29:10+10:00,Vehicle Speed=58,Engine Coolant Temperature=89,Throttle Position=32.94117647058823,Intake Manifold Pressure=102,Intake Air Temperature=59,MAF Air Flow Rate=9.9,Run Time Since Engine Start=791,Barometric Pressure=101,Catalyst Temperature Bank1 Sensor1=1000,Control Module Voltage=13.816
2025-10-21T23:29:13+10:00,Vehicle Speed=53,Engine Coolant Temperature=89,Throttle Position=20.392156862745097,Intake Manifold Pressure=100,Intake Air Temperature=58,MAF Air Flow Rate=8.86,Run Time Since Engine Start=795,Barometric Pressure=101,Catalyst Temperature Bank1 Sensor1=1000,Control Module Voltage=13.894
2025-10-21T23:29:16+10:00,Vehicle Speed=48,Engine Coolant Temperature=90,Throttle Position=100,Intake Manifold Pressure=106,Intake Air Temperature=58,MAF Air Flow Rate=37.02,Run Time Since Engine Start=798,Barometric Pressure=101,Catalyst Temperature Bank1 Sensor1=1000,Control Module Voltage=13.87
2025-10-21T23:29:20+10:00,Vehicle Speed=51,Engine Coolant Temperature=90,Throttle Position=100,Intake Manifold Pressure=148,Intake Air Temperature=59,MAF Air Flow Rate=25.91,Run Time Since Engine Start=802,Barometric Pressure=101,Catalyst Temperature Bank1 Sensor1=1000,Control Module Voltage=13.878
2025-10-21T23:29:23+10:00,Vehicle Speed=54,Engine Coolant Temperature=89,Throttle Position=22.745098039215687,Intake Manifold Pressure=102,Intake Air Temperature=58,MAF Air Flow Rate=15.04,Run Time Since Engine Start=805,Barometric Pressure=101,Catalyst Temperature Bank1 Sensor1=1000,Control Module Voltage=13.855
2025-10-21T23:29:27+10:00,Vehicle Speed=56,Engine Coolant Temperature=89,Throttle Position=100,Intake Manifold Pressure=126,Intake Air Temperature=57,MAF Air Flow Rate=53.59,Run Time Since Engine Start=809,Barometric Pressure=101,Catalyst Temperature Bank1 Sensor1=1000,Control Module Voltage=13.845
2025-10-21T23:29:30+10:00,Vehicle Speed=57,Engine Coolant Temperature=89,Throttle Position=29.019607843137255,Intake Manifold Pressure=104,Intake Air Temperature=57,MAF Air Flow Rate=10.93,Run Time Since Engine Start=812,Barometric Pressure=101,Catalyst Temperature Bank1 Sensor1=1000,Control Module Voltage=13.911
2025-10-21T23:29:34+10:00,Vehicle Speed=52,Engine Coolant Temperature=89,Throttle Position=100,Intake Manifold Pressure=133,Intake Air Temperature=56,MAF Air Flow Rate=92.07,Run Time Since Engine Start=815,Barometric Pressure=101,Catalyst Temperature Bank1 Sensor1=1000,Control Module Voltage=13.9
2025-10-21T23:29:37+10:00,Vehicle Speed=56,Engine Coolant Temperature=89,Throttle Position=100,Intake Manifold Pressure=118,Intake Air Temperature=56,MAF Air Flow Rate=17.55,Run Time Since Engine Start=819,Barometric Pressure=101,Catalyst Temperature Bank1 Sensor1=1000,Control Module Voltage=13.872
2025-10-21T23:29:40+10:00,Vehicle Speed=53,Engine Coolant Temperature=89,Throttle Position=100,Intake Manifold Pressure=123,Intake Air Temperature=55,MAF Air Flow Rate=46.42,Run Time Since Engine Start=822,Barometric Pressure=101,Catalyst Temperature Bank1 Sensor1=1000,Control Module Voltage=13.901
2025-10-21T23:29:44+10:00,Vehicle Speed=51,Engine Coolant Temperature=89,Throttle Position=100,Intake Manifold Pressure=130,Intake Air Temperature=54,MAF Air Flow Rate=36.21,Run Time Since Engine Start=825,Barometric Pressure=101,Catalyst Temperature Bank1 Sensor1=1000,Control Module Voltage=13.788
2025-10-21T23:29:47+10:00,Vehicle Speed=50,Engine Coolant Temperature=88,Throttle Position=94.50980392156863,Intake Manifold Pressure=110,Intake Air Temperature=54,MAF Air Flow Rate=17.99,Run Time Since Engine Start=829,Barometric Pressure=101,Catalyst Temperature Bank1 Sensor1=1000,Control Module Voltage=13.893
2025-10-21T23:29:50+10:00,Vehicle Speed=50,Engine Coolant Temperature=87,Throttle Position=20.392156862745097,Intake Manifold Pressure=104,Intake Air Temperature=53,MAF Air Flow Rate=10.91,Run Time Since Engine Start=832,Barometric Pressure=101,Catalyst Temperature Bank1 Sensor1=1000,Control Module Voltage=13.718
2025-10-21T23:29:54+10:00,Vehicle Speed=46,Engine Coolant Temperature=87,Throttle Position=20.784313725490197,Intake Manifold Pressure=100,Intake Air Temperature=52,MAF Air Flow Rate=8.77,Run Time Since Engine Start=835,Barometric Pressure=101,Catalyst Temperature Bank1 Sensor1=1000,Control Module Voltage=13.811
2025-10-21T23:29:57+10:00,Vehicle Speed=35,Engine Coolant Temperature=88,Throttle Position=95.68627450980392,Intake Manifold Pressure=101,Intake Air Temperature=52,MAF Air Flow Rate=37.72,Run Time Since Engine Start=839,Barometric Pressure=101,Catalyst Temperature Bank1 Sensor1=1000,Control Module Voltage=14.1
2025-10-21T23:30:00+10:00,Vehicle Speed=39,Engine Coolant Temperature=88,Throttle Position=100,Intake Manifold Pressure=205,Intake Air Temperature=52,MAF Air Flow Rate=88.07,Run Time Since Engine Start=842,Barometric Pressure=101,Catalyst Temperature Bank1 Sensor1=1000,Control Module Voltage=13.822
2025-10-21T23:30:04+10:00,Vehicle Speed=55,Engine Coolant Temperature=88,Throttle Position=100,Intake Manifold Pressure=189,Intake Air Temperature=53,MAF Air Flow Rate=65.43,Run Time Since Engine Start=846,Barometric Pressure=101,Catalyst Temperature Bank1 Sensor1=1000,Control Module Voltage=13.901
2025-10-21T23:30:07+10:00,Vehicle Speed=58,Engine Coolant Temperature=88,Throttle Position=26.666666666666668,Intake Manifold Pressure=108,Intake Air Temperature=53,MAF Air Flow Rate=16.44,Run Time Since Engine Start=849,Barometric Pressure=101,Catalyst Temperature Bank1 Sensor1=1000,Control Module Voltage=13.9
2025-10-21T23:30:11+10:00,Vehicle Speed=55,Engine Coolant Temperature=89,Throttle Position=90.58823529411765,Intake Manifold Pressure=106,Intake Air Temperature=53,MAF Air Flow Rate=16.75,Run Time Since Engine Start=852,Barometric Pressure=101,Catalyst Temperature Bank1 Sensor1=1000,Control Module Voltage=13.815
2025-10-21T23:30:14+10:00,Vehicle Speed=52,Engine Coolant Temperature=89,Throttle Position=25.49019607843137,Intake Manifold Pressure=103,Intake Air Temperature=53,MAF Air Flow Rate=8.45,Run Time Since Engine Start=856,Barometric Pressure=101,Catalyst Temperature Bank1 Sensor1=1000,Control Module Voltage=13.865
2025-10-21T23:30:17+10:00,Vehicle Speed=45,Engine Coolant Temperature=89,Throttle Position=20.392156862745097,Intake Manifold Pressure=101,Intake Air Temperature=53,MAF Air Flow Rate=8.48,Run Time Since Engine Start=859,Barometric Pressure=101,Catalyst Temperature Bank1 Sensor1=1000,Control Module Voltage=13.872
2025-10-21T23:30:21+10:00,Vehicle Speed=33,Engine Coolant Temperature=89,Throttle Position=20.392156862745097,Intake Manifold Pressure=100,Intake Air Temperature=53,MAF Air Flow Rate=7.17,Run Time Since Engine Start=862,Barometric Pressure=101,Catalyst Temperature Bank1 Sensor1=1000,Control Module Voltage=13.819
2025-10-21T23:30:24+10:00,Vehicle Speed=24,Engine Coolant Temperature=89,Throttle Position=20.392156862745097,Intake Manifold Pressure=100,Intake Air Temperature=53,MAF Air Flow Rate=13.24,Run Time Since Engine Start=866,Barometric Pressure=101,Catalyst Temperature Bank1 Sensor1=1000,Control Module Voltage=13.899
2025-10-21T23:30:27+10:00,Vehicle Speed=21,Engine Coolant Temperature=90,Throttle Position=100,Intake Manifold Pressure=102,Intake Air Temperature=53,MAF Air Flow Rate=21.27,Run Time Since Engine Start=869,Barometric Pressure=101,Catalyst Temperature Bank1 Sensor1=1000,Control Module Voltage=13.874
2025-10-21T23:30:31+10:00,Vehicle Speed=27,Engine Coolant Temperature=90,Throttle Position=70.58823529411765,Intake Manifold Pressure=107,Intake Air Temperature=53,MAF Air Flow Rate=18.44,Run Time Since Engine Start=872,Barometric Pressure=101,Catalyst Temperature Bank1 Sensor1=1000,Control Module Voltage=13.888
2025-10-21T23:30:34+10:00,Vehicle Speed=32,Engine Coolant Temperature=89,Throttle Position=99.6078431372549,Intake Manifold Pressure=145,Intake Air Temperature=53,MAF Air Flow Rate=50.35,Run Time Since Engine Start=876,Barometric Pressure=101,Catalyst Temperature Bank1 Sensor1=1000,Control Module Voltage=13.868
2025-10-21T23:30:37+10:00,Vehicle Speed=43,Engine Coolant Temperature=89,Throttle Position=99.6078431372549,Intake Manifold Pressure=155,Intake Air Temperature=53,MAF Air Flow Rate=51.12,Run Time Since Engine Start=879,Barometric Pressure=101,Catalyst Temperature Bank1 Sensor1=1000,Control Module Voltage=13.884
2025-10-21T23:30:41+10:00,Vehicle Speed=52,Engine Coolant Temperature=89,Throttle Position=98.82352941176471,Intake Manifold Pressure=116,Intake Air Temperature=52,MAF Air Flow Rate=21.61,Run Time Since Engine Start=883,Barometric Pressure=101,Catalyst Temperature Bank1 Sensor1=1000,Control Module Voltage=13.885
2025-10-21T23:30:44+10:00,Vehicle Speed=54,Engine Coolant Temperature=89,Throttle Position=20.392156862745097,Intake Manifold Pressure=102,Intake Air Temperature=51,MAF Air Flow Rate=9.34,Run Time Since Engine Start=886,Barometric Pressure=101,Catalyst Temperature Bank1 Sensor1=1000,Control Module Voltage=13.849
2025-10-21T23:30:48+10:00,Vehicle Speed=50,Engine Coolant Temperature=89,Throttle Position=20.392156862745097,Intake Manifold Pressure=100,Intake Air Temperature=51,MAF Air Flow Rate=9.23,Run Time Since Engine Start=889,Barometric Pressure=101,Catalyst Temperature Bank1 Sensor1=1000,Control Module Voltage=13.866
2025-10-21T23:30:51+10:00,Vehicle Speed=49,Engine Coolant Temperature=89,Throttle Position=99.6078431372549,Intake Manifold Pressure=131,Intake Air Temperature=51,MAF Air Flow Rate=57.34,Run Time Since Engine Start=893,Barometric Pressure=101,Catalyst Temperature Bank1 Sensor1=1000,Control Module Voltage=13.844
2025-10-21T23:30:55+10:00,Vehicle Speed=57,Engine Coolant Temperature=89,Throttle Position=100,Intake Manifold Pressure=200,Intake Air Temperature=51,MAF Air Flow Rate=70.24,Run Time Since Engine Start=896,Barometric Pressure=101,Catalyst Temperature Bank1 Sensor1=1000,Control Module Voltage=13.89
2025-10-21T23:30:58+10:00,Vehicle Speed=63,Engine Coolant Temperature=89,Throttle Position=74.11764705882354,Intake Manifold Pressure=159,Intake Air Temperature=51,MAF Air Flow Rate=37.23,Run Time Since Engine Start=900,Barometric Pressure=101,Catalyst Temperature Bank1 Sensor1=1000,Control Module Voltage=13.873
2025-10-21T23:31:01+10:00,Vehicle Speed=65,Engine Coolant Temperature=89,Throttle Position=37.254901960784316,Intake Manifold Pressure=109,Intake Air Temperature=50,MAF Air Flow Rate=17.98,Run Time Since Engine Start=903,Barometric Pressure=101,Catalyst Temperature Bank1 Sensor1=1000,Control Module Voltage=13.797
2025-10-21T23:31:05+10:00,Vehicle Speed=64,Engine Coolant Temperature=89,Throttle Position=22.745098039215687,Intake Manifold Pressure=103,Intake Air Temperature=50,MAF Air Flow Rate=17.47,Run Time Since Engine Start=907,Barometric Pressure=101,Catalyst Temperature Bank1 Sensor1=1000,Control Module Voltage=13.887
2025-10-21T23:31:08+10:00,Vehicle Speed=63,Engine Coolant Temperature=89,Throttle Position=21.176470588235293,Intake Manifold Pressure=100,Intake Air Temperature=50,MAF Air Flow Rate=16.27,Run Time Since Engine Start=910,Barometric Pressure=101,Catalyst Temperature Bank1 Sensor1=1000,Control Module Voltage=13.863
2025-10-21T23:31:11+10:00,Vehicle Speed=63,Engine Coolant Temperature=89,Throttle Position=25.49019607843137,Intake Manifold Pressure=104,Intake Air Temperature=50,MAF Air Flow Rate=16.21,Run Time Since Engine Start=913,Barometric Pressure=101,Catalyst Temperature Bank1 Sensor1=1000,Control Module Voltage=13.894
2025-10-21T23:31:15+10:00,Vehicle Speed=62,Engine Coolant Temperature=89,Throttle Position=99.6078431372549,Intake Manifold Pressure=118,Intake Air Temperature=50,MAF Air Flow Rate=33.37,Run Time Since Engine Start=916,Barometric Pressure=101,Catalyst Temperature Bank1 Sensor1=1000,Control Module Voltage=13.797
2025-10-21T23:31:18+10:00,Vehicle Speed=63,Engine Coolant Temperature=89,Throttle Position=20.392156862745097,Intake Manifold Pressure=106,Intake Air Temperature=50,MAF Air Flow Rate=19.74,Run Time Since Engine Start=920,Barometric Pressure=101,Catalyst Temperature Bank1 Sensor1=1000,Control Module Voltage=13.871
2025-10-21T23:31:22+10:00,Vehicle Speed=63,Engine Coolant Temperature=88,Throttle Position=100,Intake Manifold Pressure=130,Intake Air Temperature=50,MAF Air Flow Rate=37.94,Run Time Since Engine Start=923,Barometric Pressure=101,Catalyst Temperature Bank1 Sensor1=1000,Control Module Voltage=13.863
2025-10-21T23:31:25+10:00,Vehicle Speed=65,Engine Coolant Temperature=88,Throttle Position=79.6078431372549,Intake Manifold Pressure=126,Intake Air Temperature=49,MAF Air Flow Rate=30.46,Run Time Since Engine Start=927,Barometric Pressure=101,Catalyst Temperature Bank1 Sensor1=1000,Control Module Voltage=13.885
2025-10-21T23:31:28+10:00,Vehicle Speed=64,Engine Coolant Temperature=88,Throttle Position=66.27450980392157,Intake Manifold Pressure=104,Intake Air Temperature=49,MAF Air Flow Rate=20.4,Run Time Since Engine Start=930,Barometric Pressure=101,Catalyst Temperature Bank1 Sensor1=1000,Control Module Voltage=13.899
2025-10-21T23:31:32+10:00,Vehicle Speed=63,Engine Coolant Temperature=88,Throttle Position=99.6078431372549,Intake Manifold Pressure=103,Intake Air Temperature=49,MAF Air Flow Rate=13.65,Run Time Since Engine Start=933,Barometric Pressure=101,Catalyst Temperature Bank1 Sensor1=1000,Control Module Voltage=13.773
2025-10-21T23:31:35+10:00,Vehicle Speed=59,Engine Coolant Temperature=88,Throttle Position=20.392156862745097,Intake Manifold Pressure=100,Intake Air Temperature=49,MAF Air Flow Rate=9.64,Run Time Since Engine Start=937,Barometric Pressure=101,Catalyst Temperature Bank1 Sensor1=1000,Control Module Voltage=13.859
2025-10-21T23:31:38+10:00,Vehicle Speed=46,Engine Coolant Temperature=88,Throttle Position=20.392156862745097,Intake Manifold Pressure=100,Intake Air Temperature=49,MAF Air Flow Rate=9.14,Run Time Since Engine Start=940,Barometric Pressure=101,Catalyst Temperature Bank1 Sensor1=1000,Control Module Voltage=13.845
2025-10-21T23:31:42+10:00,Vehicle Speed=18,Engine Coolant Temperature=88,Throttle Position=90.98039215686275,Intake Manifold Pressure=101,Intake Air Temperature=48,MAF Air Flow Rate=8.13,Run Time Since Engine Start=944,Barometric Pressure=101,Catalyst Temperature Bank1 Sensor1=1000,Control Module Voltage=13.777
2025-10-21T23:31:45+10:00,Vehicle Speed=6,Engine Coolant Temperature=88,Throttle Position=25.88235294117647,Intake Manifold Pressure=101,Intake Air Temperature=48,MAF Air Flow Rate=21.18,Run Time Since Engine Start=947,Barometric Pressure=101,Catalyst Temperature Bank1 Sensor1=1000,Control Module Voltage=14.1
2025-10-21T23:31:48+10:00,Vehicle Speed=12,Engine Coolant Temperature=89,Throttle Position=100,Intake Manifold Pressure=136,Intake Air Temperature=48,MAF Air Flow Rate=57.85,Run Time Since Engine Start=910,Barometric Pressure=101,Catalyst Temperature Bank1 Sensor1=1000,Control Module Voltage=13.866
2025-10-21T23:31:52+10:00,Vehicle Speed=30,Engine Coolant Temperature=88,Throttle Position=100,Intake Manifold Pressure=152,Intake Air Temperature=48,MAF Air Flow Rate=47.74,Run Time Since Engine Start=954,Barometric Pressure=101,Catalyst Temperature Bank1 Sensor1=1000,Control Module Voltage=13.906
2025-10-21T23:31:55+10:00,Vehicle Speed=43,Engine Coolant Temperature=88,Throttle Position=100,Intake Manifold Pressure=163,Intake Air Temperature=47,MAF Air Flow Rate=58.1,Run Time Since Engine Start=957,Barometric Pressure=101,Catalyst Temperature Bank1 Sensor1=1000,Control Module Voltage=13.789
2025-10-21T23:31:59+10:00,Vehicle Speed=52,Engine Coolant Temperature=88,Throttle Position=100,Intake Manifold Pressure=159,Intake Air Temperature=47,MAF Air Flow Rate=54.33,Run Time Since Engine Start=960,Barometric Pressure=101,Catalyst Temperature Bank1 Sensor1=1000,Control Module Voltage=13.828
2025-10-21T23:32:02+10:00,Vehicle Speed=59,Engine Coolant Temperature=88,Throttle Position=100,Intake Manifold Pressure=154,Intake Air Temperature=47,MAF Air Flow Rate=46.91,Run Time Since Engine Start=964,Barometric Pressure=101,Catalyst Temperature Bank1 Sensor1=1000,Control Module Voltage=13.814
2025-10-21T23:32:05+10:00,Vehicle Speed=61,Engine Coolant Temperature=88,Throttle Position=97.25490196078431,Intake Manifold Pressure=123,Intake Air Temperature=47,MAF Air Flow Rate=43.13,Run Time Since Engine Start=967,Barometric Pressure=101,Catalyst Temperature Bank1 Sensor1=1000,Control Module Voltage=13.758
2025-10-21T23:32:09+10:00,Vehicle Speed=64,Engine Coolant Temperature=88,Throttle Position=100,Intake Manifold Pressure=142,Intake Air Temperature=48,MAF Air Flow Rate=42.83,Run Time Since Engine Start=970,Barometric Pressure=101,Catalyst Temperature Bank1 Sensor1=1000,Control Module Voltage=13.897
2025-10-21T23:32:12+10:00,Vehicle Speed=67,Engine Coolant Temperature=89,Throttle Position=100,Intake Manifold Pressure=185,Intake Air Temperature=48,MAF Air Flow Rate=68.31,Run Time Since Engine Start=974,Barometric Pressure=101,Catalyst Temperature Bank1 Sensor1=1000,Control Module Voltage=13.903
2025-10-21T23:32:15+10:00,Vehicle Speed=72,Engine Coolant Temperature=89,Throttle Position=66.27450980392157,Intake Manifold Pressure=148,Intake Air Temperature=49,MAF Air Flow Rate=30.43,Run Time Since Engine Start=977,Barometric Pressure=101,Catalyst Temperature Bank1 Sensor1=1000,Control Module Voltage=13.904
2025-10-21T23:32:19+10:00,Vehicle Speed=74,Engine Coolant Temperature=89,Throttle Position=99.6078431372549,Intake Manifold Pressure=137,Intake Air Temperature=49,MAF Air Flow Rate=24.64,Run Time Since Engine Start=980,Barometric Pressure=101,Catalyst Temperature Bank1 Sensor1=1000,Control Module Voltage=14.1
2025-10-21T23:32:22+10:00,Vehicle Speed=72,Engine Coolant Temperature=89,Throttle Position=100,Intake Manifold Pressure=139,Intake Air Temperature=49,MAF Air Flow Rate=40.05,Run Time Since Engine Start=984,Barometric Pressure=101,Catalyst Temperature Bank1 Sensor1=1000,Control Module Voltage=13.784
2025-10-21T23:32:26+10:00,Vehicle Speed=73,Engine Coolant Temperature=89,Throttle Position=20.392156862745097,Intake Manifold Pressure=103,Intake Air Temperature=49,MAF Air Flow Rate=26.64,Run Time Since Engine Start=988,Barometric Pressure=101,Catalyst Temperature Bank1 Sensor1=1000,Control Module Voltage=13.884
2025-10-21T23:32:29+10:00,Vehicle Speed=71,Engine Coolant Temperature=89,Throttle Position=38.03921568627451,Intake Manifold Pressure=109,Intake Air Temperature=49,MAF Air Flow Rate=22.62,Run Time Since Engine Start=991,Barometric Pressure=101,Catalyst Temperature Bank1 Sensor1=1000,Control Module Voltage=13.938
2025-10-21T23:32:32+10:00,Vehicle Speed=67,Engine Coolant Temperature=89,Throttle Position=100,Intake Manifold Pressure=121,Intake Air Temperature=49,MAF Air Flow Rate=63.68,Run Time Since Engine Start=994,Barometric Pressure=101,Catalyst Temperature Bank1 Sensor1=1000,Control Module Voltage=13.906
2025-10-21T23:32:36+10:00,Vehicle Speed=72,Engine Coolant Temperature=89,Throttle Position=100,Intake Manifold Pressure=195,Intake Air Temperature=50,MAF Air Flow Rate=90.41,Run Time Since Engine Start=998,Barometric Pressure=101,Catalyst Temperature Bank1 Sensor1=1000,Control Module Voltage=13.87
2025-10-21T23:32:39+10:00,Vehicle Speed=77,Engine Coolant Temperature=89,Throttle Position=100,Intake Manifold Pressure=109,Intake Air Temperature=50,MAF Air Flow Rate=21.76,Run Time Since Engine Start=1001,Barometric Pressure=101,Catalyst Temperature Bank1 Sensor1=1000,Control Module Voltage=13.844
2025-10-21T23:32:43+10:00,Vehicle Speed=61,Engine Coolant Temperature=89,Throttle Position=99.6078431372549,Intake Manifold Pressure=119,Intake Air Temperature=49,MAF Air Flow Rate=47.64,Run Time Since Engine Start=1004,Barometric Pressure=101,Catalyst Temperature Bank1 Sensor1=1000,Control Module Voltage=13.883
2025-10-21T23:32:46+10:00,Vehicle Speed=64,Engine Coolant Temperature=89,Throttle Position=100,Intake Manifold Pressure=148,Intake Air Temperature=50,MAF Air Flow Rate=48.91,Run Time Since Engine Start=1008,Barometric Pressure=101,Catalyst Temperature Bank1 Sensor1=1000,Control Module Voltage=13.787
2025-10-21T23:32:49+10:00,Vehicle Speed=67,Engine Coolant Temperature=89,Throttle Position=100,Intake Manifold Pressure=111,Intake Air Temperature=50,MAF Air Flow Rate=15,Run Time Since Engine Start=1011,Barometric Pressure=101,Catalyst Temperature Bank1 Sensor1=1000,Control Module Voltage=13.88
2025-10-21T23:32:53+10:00,Vehicle Speed=36,Engine Coolant Temperature=89,Throttle Position=20.392156862745097,Intake Manifold Pressure=101,Intake Air Temperature=50,MAF Air Flow Rate=9.01,Run Time Since Engine Start=1014,Barometric Pressure=101,Catalyst Temperature Bank1 Sensor1=1000,Control Module Voltage=13.886
2025-10-21T23:32:56+10:00,Vehicle Speed=12,Engine Coolant Temperature=90,Throttle Position=99.2156862745098,Intake Manifold Pressure=101,Intake Air Temperature=49,MAF Air Flow Rate=12.89,Run Time Since Engine Start=1018,Barometric Pressure=101,Catalyst Temperature Bank1 Sensor1=1000,Control Module Voltage=13.843
2025-10-21T23:32:59+10:00,Vehicle Speed=9,Engine Coolant Temperature=90,Throttle Position=99.6078431372549,Intake Manifold Pressure=102,Intake Air Temperature=50,MAF Air Flow Rate=13.54,Run Time Since Engine Start=1021,Barometric Pressure=101,Catalyst Temperature Bank1 Sensor1=1000,Control Module Voltage=14.1
2025-10-21T23:33:03+10:00,Vehicle Speed=12,Engine Coolant Temperature=90,Throttle Position=99.6078431372549,Intake Manifold Pressure=106,Intake Air Temperature=50,MAF Air Flow Rate=20.3,Run Time Since Engine Start=1025,Barometric Pressure=101,Catalyst Temperature Bank1 Sensor1=1000,Control Module Voltage=13.893
2025-10-21T23:33:06+10:00,Vehicle Speed=18,Engine Coolant Temperature=90,Throttle Position=83.52941176470588,Intake Manifold Pressure=107,Intake Air Temperature=50,MAF Air Flow Rate=16.58,Run Time Since Engine Start=1028,Barometric Pressure=101,Catalyst Temperature Bank1 Sensor1=1000,Control Module Voltage=14.2
2025-10-21T23:33:09+10:00,Vehicle Speed=18,Engine Coolant Temperature=90,Throttle Position=19.215686274509803,Intake Manifold Pressure=101,Intake Air Temperature=49,MAF Air Flow Rate=9.4,Run Time Since Engine Start=1031,Barometric Pressure=101,Catalyst Temperature Bank1 Sensor1=1000,Control Module Voltage=13.982
2025-10-21T23:33:13+10:00,Vehicle Speed=17,Engine Coolant Temperature=90,Throttle Position=20.392156862745097,Intake Manifold Pressure=101,Intake Air Temperature=49,MAF Air Flow Rate=13.54,Run Time Since Engine Start=1035,Barometric Pressure=101,Catalyst Temperature Bank1 Sensor1=1000,Control Module Voltage=13.905
2025-10-21T23:33:16+10:00,Vehicle Speed=19,Engine Coolant Temperature=90,Throttle Position=96.47058823529412,Intake Manifold Pressure=108,Intake Air Temperature=49,MAF Air Flow Rate=10.39,Run Time Since Engine Start=1038,Barometric Pressure=101,Catalyst Temperature Bank1 Sensor1=1000,Control Module Voltage=14.2
2025-10-21T23:33:20+10:00,Vehicle Speed=17,Engine Coolant Temperature=90,Throttle Position=20.392156862745097,Intake Manifold Pressure=101,Intake Air Temperature=49,MAF Air Flow Rate=7.36,Run Time Since Engine Start=1041,Barometric Pressure=101,Catalyst Temperature Bank1 Sensor1=1000,Control Module Voltage=13.906
2025-10-21T23:33:23+10:00,Vehicle Speed=11,Engine Coolant Temperature=90,Throttle Position=20.392156862745097,Intake Manifold Pressure=101,Intake Air Temperature=48,MAF Air Flow Rate=7.15,Run Time Since Engine Start=1045,Barometric Pressure=101,Catalyst Temperature Bank1 Sensor1=1000,Control Module Voltage=13.811
2025-10-21T23:33:26+10:00,Vehicle Speed=8,Engine Coolant Temperature=90,Throttle Position=20.784313725490197,Intake Manifold Pressure=100,Intake Air Temperature=48,MAF Air Flow Rate=7.65,Run Time Since Engine Start=1048,Barometric Pressure=101,Catalyst Temperature Bank1 Sensor1=1000,Control Module Voltage=13.823
2025-10-21T23:33:30+10:00,Vehicle Speed=8,Engine Coolant Temperature=90,Throttle Position=100,Intake Manifold Pressure=102,Intake Air Temperature=48,MAF Air Flow Rate=14.31,Run Time Since Engine Start=1007,Barometric Pressure=101,Catalyst Temperature Bank1 Sensor1=1000,Control Module Voltage=13.809
2025-10-21T23:33:33+10:00,Vehicle Speed=11,Engine Coolant Temperature=90,Throttle Position=70.98039215686275,Intake Manifold Pressure=102,Intake Air Temperature=48,MAF Air Flow Rate=13.4,Run Time Since Engine Start=1055,Barometric Pressure=101,Catalyst Temperature Bank1 Sensor1=1000,Control Module Voltage=13.867
2025-10-21T23:33:36+10:00,Vehicle Speed=12,Engine Coolant Temperature=89,Throttle Position=24.705882352941178,Intake Manifold Pressure=101,Intake Air Temperature=48,MAF Air Flow Rate=12.63,Run Time Since Engine Start=1058,Barometric Pressure=101,Catalyst Temperature Bank1 Sensor1=1000,Control Module Voltage=13.903
2025-10-21T23:33:40+10:00,Vehicle Speed=12,Engine Coolant Temperature=89,Throttle Position=55.68627450980392,Intake Manifold Pressure=102,Intake Air Temperature=48,MAF Air Flow Rate=10.53,Run Time Since Engine Start=1061,Barometric Pressure=101,Catalyst Temperature Bank1 Sensor1=1000,Control Module Voltage=13.821
2025-10-21T23:33:43+10:00,Vehicle Speed=13,Engine Coolant Temperature=89,Throttle Position=99.6078431372549,Intake Manifold Pressure=101,Intake Air Temperature=48,MAF Air Flow Rate=14.47,Run Time Since Engine Start=1065,Barometric Pressure=101,Catalyst Temperature Bank1 Sensor1=1000,Control Module Voltage=13.864
2025-10-21T23:33:46+10:00,Vehicle Speed=16,Engine Coolant Temperature=89,Throttle Position=20.392156862745097,Intake Manifold Pressure=103,Intake Air Temperature=48,MAF Air Flow Rate=8.12,Run Time Since Engine Start=1068,Barometric Pressure=101,Catalyst Temperature Bank1 Sensor1=1000,Control Module Voltage=13.765
2025-10-21T23:33:50+10:00,Vehicle Speed=13,Engine Coolant Temperature=89,Throttle Position=99.6078431372549,Intake Manifold Pressure=102,Intake Air Temperature=47,MAF Air Flow Rate=17.94,Run Time Since Engine Start=1072,Barometric Pressure=101,Catalyst Temperature Bank1 Sensor1=1000,Control Module Voltage=13.902
2025-10-21T23:33:53+10:00,Vehicle Speed=20,Engine Coolant Temperature=89,Throttle Position=100,Intake Manifold Pressure=127,Intake Air Temperature=47,MAF Air Flow Rate=42.97,Run Time Since Engine Start=1075,Barometric Pressure=101,Catalyst Temperature Bank1 Sensor1=1000,Control Module Voltage=13.904
2025-10-21T23:33:57+10:00,Vehicle Speed=32,Engine Coolant Temperature=89,Throttle Position=100,Intake Manifold Pressure=147,Intake Air Temperature=47,MAF Air Flow Rate=46.49,Run Time Since Engine Start=1079,Barometric Pressure=101,Catalyst Temperature Bank1 Sensor1=1000,Control Module Voltage=13.892
2025-10-21T23:34:00+10:00,Vehicle Speed=41,Engine Coolant Temperature=88,Throttle Position=100,Intake Manifold Pressure=137,Intake Air Temperature=47,MAF Air Flow Rate=23.98,Run Time Since Engine Start=1082,Barometric Pressure=101,Catalyst Temperature Bank1 Sensor1=1000,Control Module Voltage=13.891
2025-10-21T23:34:04+10:00,Vehicle Speed=46,Engine Coolant Temperature=88,Throttle Position=89.80392156862744,Intake Manifold Pressure=112,Intake Air Temperature=46,MAF Air Flow Rate=17.51,Run Time Since Engine Start=1085,Barometric Pressure=101,Catalyst Temperature Bank1 Sensor1=1000,Control Module Voltage=13.883
2025-10-21T23:34:07+10:00,Vehicle Speed=41,Engine Coolant Temperature=88,Throttle Position=23.92156862745098,Intake Manifold Pressure=101,Intake Air Temperature=46,MAF Air Flow Rate=9.64,Run Time Since Engine Start=1089,Barometric Pressure=101,Catalyst Temperature Bank1 Sensor1=1000,Control Module Voltage=13.894
2025-10-21T23:34:10+10:00,Vehicle Speed=31,Engine Coolant Temperature=88,Throttle Position=99.6078431372549,Intake Manifold Pressure=118,Intake Air Temperature=46,MAF Air Flow Rate=41,Run Time Since Engine Start=1092,Barometric Pressure=101,Catalyst Temperature Bank1 Sensor1=1000,Control Module Voltage=13.825
2025-10-21T23:34:14+10:00,Vehicle Speed=38,Engine Coolant Temperature=88,Throttle Position=99.6078431372549,Intake Manifold Pressure=160,Intake Air Temperature=47,MAF Air Flow Rate=52.4,Run Time Since Engine Start=1095,Barometric Pressure=101,Catalyst Temperature Bank1 Sensor1=1000,Control Module Voltage=13.867
2025-10-21T23:34:17+10:00,Vehicle Speed=45,Engine Coolant Temperature=88,Throttle Position=23.137254901960784,Intake Manifold Pressure=114,Intake Air Temperature=46,MAF Air Flow Rate=19.44,Run Time Since Engine Start=1099,Barometric Pressure=101,Catalyst Temperature Bank1 Sensor1=1000,Control Module Voltage=13.82
2025-10-21T23:34:20+10:00,Vehicle Speed=43,Engine Coolant Temperature=88,Throttle Position=20.784313725490197,Intake Manifold Pressure=103,Intake Air Temperature=46,MAF Air Flow Rate=32.76,Run Time Since Engine Start=1102,Barometric Pressure=101,Catalyst Temperature Bank1 Sensor1=1000,Control Module Voltage=13.846
2025-10-21T23:34:24+10:00,Vehicle Speed=46,Engine Coolant Temperature=88,Throttle Position=68.62745098039215,Intake Manifold Pressure=116,Intake Air Temperature=46,MAF Air Flow Rate=33.28,Run Time Since Engine Start=1106,Barometric Pressure=101,Catalyst Temperature Bank1 Sensor1=1000,Control Module Voltage=13.92
2025-10-21T23:34:27+10:00,Vehicle Speed=47,Engine Coolant Temperature=88,Throttle Position=99.6078431372549,Intake Manifold Pressure=104,Intake Air Temperature=46,MAF Air Flow Rate=11.52,Run Time Since Engine Start=1109,Barometric Pressure=101,Catalyst Temperature Bank1 Sensor1=1000,Control Module Voltage=13.745
2025-10-21T23:34:30+10:00,Vehicle Speed=40,Engine Coolant Temperature=88,Throttle Position=20.392156862745097,Intake Manifold Pressure=100,Intake Air Temperature=46,MAF Air Flow Rate=9.2,Run Time Since Engine Start=1112,Barometric Pressure=101,Catalyst Temperature Bank1 Sensor1=1000,Control Module Voltage=14
2025-10-21T23:34:34+10:00,Vehicle Speed=30,Engine Coolant Temperature=89,Throttle Position=99.6078431372549,Intake Manifold Pressure=132,Intake Air Temperature=46,MAF Air Flow Rate=59.49,Run Time Since Engine Start=1116,Barometric Pressure=101,Catalyst Temperature Bank1 Sensor1=1000,Control Module Voltage=13.84
2025-10-21T23:34:37+10:00,Vehicle Speed=43,Engine Coolant Temperature=89,Throttle Position=100,Intake Manifold Pressure=197,Intake Air Temperature=47,MAF Air Flow Rate=78.6,Run Time Since Engine Start=1119,Barometric Pressure=101,Catalyst Temperature Bank1 Sensor1=1000,Control Module Voltage=13.878
2025-10-21T23:34:41+10:00,Vehicle Speed=51,Engine Coolant Temperature=88,Throttle Position=25.098039215686274,Intake Manifold Pressure=112,Intake Air Temperature=46,MAF Air Flow Rate=41,Run Time Since Engine Start=1122,Barometric Pressure=101,Catalyst Temperature Bank1 Sensor1=1000,Control Module Voltage=13.863
2025-10-21T23:34:44+10:00,Vehicle Speed=52,Engine Coolant Temperature=88,Throttle Position=65.09803921568627,Intake Manifold Pressure=104,Intake Air Temperature=46,MAF Air Flow Rate=39.24,Run Time Since Engine Start=1126,Barometric Pressure=101,Catalyst Temperature Bank1 Sensor1=1000,Control Module Voltage=13.873
2025-10-21T23:34:47+10:00,Vehicle Speed=53,Engine Coolant Temperature=88,Throttle Position=100,Intake Manifold Pressure=142,Intake Air Temperature=46,MAF Air Flow Rate=63.06,Run Time Since Engine Start=1129,Barometric Pressure=101,Catalyst Temperature Bank1 Sensor1=1000,Control Module Voltage=13.885
2025-10-21T23:34:51+10:00,Vehicle Speed=60,Engine Coolant Temperature=88,Throttle Position=100,Intake Manifold Pressure=204,Intake Air Temperature=47,MAF Air Flow Rate=86.84,Run Time Since Engine Start=1132,Barometric Pressure=101,Catalyst Temperature Bank1 Sensor1=1000,Control Module Voltage=13.879
2025-10-21T23:34:54+10:00,Vehicle Speed=72,Engine Coolant Temperature=88,Throttle Position=100,Intake Manifold Pressure=156,Intake Air Temperature=49,MAF Air Flow Rate=32.41,Run Time Since Engine Start=1136,Barometric Pressure=101,Catalyst Temperature Bank1 Sensor1=1000,Control Module Voltage=13.842
2025-10-21T23:34:57+10:00,Vehicle Speed=62,Engine Coolant Temperature=89,Throttle Position=31.372549019607842,Intake Manifold Pressure=103,Intake Air Temperature=49,MAF Air Flow Rate=9.3,Run Time Since Engine Start=1139,Barometric Pressure=101,Catalyst Temperature Bank1 Sensor1=1000,Control Module Voltage=13.821
2025-10-21T23:35:01+10:00,Vehicle Speed=25,Engine Coolant Temperature=89,Throttle Position=20.784313725490197,Intake Manifold Pressure=100,Intake Air Temperature=49,MAF Air Flow Rate=7.76,Run Time Since Engine Start=1143,Barometric Pressure=101,Catalyst Temperature Bank1 Sensor1=1000,Control Module Voltage=14.1
2025-10-21T23:35:04+10:00,Vehicle Speed=11,Engine Coolant Temperature=89,Throttle Position=20,Intake Manifold Pressure=101,Intake Air Temperature=49,MAF Air Flow Rate=9.34,Run Time Since Engine Start=1146,Barometric Pressure=101,Catalyst Temperature Bank1 Sensor1=1000,Control Module Voltage=13.885
2025-10-21T23:35:07+10:00,Vehicle Speed=11,Engine Coolant Temperature=89,Throttle Position=30.980392156862745,Intake Manifold Pressure=101,Intake Air Temperature=50,MAF Air Flow Rate=7.63,Run Time Since Engine Start=1149,Barometric Pressure=101,Catalyst Temperature Bank1 Sensor1=1000,Control Module Voltage=13.766
2025-10-21T23:35:11+10:00,Vehicle Speed=8,Engine Coolant Temperature=90,Throttle Position=38.03921568627451,Intake Manifold Pressure=101,Intake Air Temperature=50,MAF Air Flow Rate=9.86,Run Time Since Engine Start=1153,Barometric Pressure=101,Catalyst Temperature Bank1 Sensor1=1000,Control Module Voltage=13.814
2025-10-21T23:35:14+10:00,Vehicle Speed=0,Engine Coolant Temperature=90,Throttle Position=99.6078431372549,Intake Manifold Pressure=101,Intake Air Temperature=50,MAF Air Flow Rate=3.23,Run Time Since Engine Start=0,Barometric Pressure=101,Catalyst Temperature Bank1 Sensor1=1000,Control Module Voltage=12.665
2025-10-21T23:35:18+10:00,Vehicle Speed=0,Engine Coolant Temperature=90,Throttle Position=1.5686274509803921,Intake Manifold Pressure=102,Intake Air Temperature=50,MAF Air Flow Rate=0.58,Run Time Since Engine Start=0,Barometric Pressure=101,Catalyst Temperature Bank1 Sensor1=1000,Control Module Voltage=12.604
2025-10-21T23:35:21+10:00,Vehicle Speed=0,Engine Coolant Temperature=90,Throttle Position=1.5686274509803921,Intake Manifold Pressure=101,Intake Air Temperature=51,MAF Air Flow Rate=0.55,Run Time Since Engine Start=0,Barometric Pressure=101,Catalyst Temperature Bank1 Sensor1=1000,Control Module Voltage=12.442
2025-10-21T23:35:25+10:00,Vehicle Speed=0,Engine Coolant Temperature=90,Throttle Position=1.5686274509803921,Intake Manifold Pressure=101,Intake Air Temperature=51,MAF Air Flow Rate=0.55,Run Time Since Engine Start=0,Barometric Pressure=101,Catalyst Temperature Bank1 Sensor1=1000,Control Module Voltage=12.321
2025-10-21T23:35:28+10:00,Vehicle Speed=0,Engine Coolant Temperature=90,Throttle Position=1.5686274509803921,Intake Manifold Pressure=101,Intake Air Temperature=51,MAF Air Flow Rate=0.53,Run Time Since Engine Start=0,Barometric Pressure=101,Catalyst Temperature Bank1 Sensor1=1000,Control Module Voltage=12.28
2025-10-21T23:35:31+10:00,Vehicle Speed=0,Engine Coolant Temperature=90,Throttle Position=79.2156862745098,Intake Manifold Pressure=101,Intake Air Temperature=51,MAF Air Flow Rate=0.53,Run Time Since Engine Start=0,Barometric Pressure=101,Catalyst Temperature Bank1 Sensor1=1000,Control Module Voltage=12.239
2025-10-21T23:35:35+10:00,Vehicle Speed=0,Engine Coolant Temperature=90,Throttle Position=100,Intake Manifold Pressure=101,Intake Air Temperature=52,MAF Air Flow Rate=0.53,Run Time Since Engine Start=0,Barometric Pressure=101,Catalyst Temperature Bank1 Sensor1=1000,Control Module Voltage=12.178
2025-10-21T23:35:38+10:00,Vehicle Speed=0,Engine Coolant Temperature=90,Throttle Position=100,Intake Manifold Pressure=101,Intake Air Temperature=52,MAF Air Flow Rate=0.53,Run Time Since Engine Start=0,Barometric Pressure=101,Catalyst Temperature Bank1 Sensor1=1000,Control Module Voltage=12.158
2025-10-21T23:35:42+10:00,Vehicle Speed=0,Engine Coolant Temperature=0,Throttle Position=0,Intake Manifold Pressure=0,Intake Air Temperature=0,MAF Air Flow Rate=0,Run Time Since Engine Start=0,Barometric Pressure=0,Catalyst Temperature Bank1 Sensor1=0,Control Module Voltage=0
2025-10-21T23:35:45+10:00,Vehicle Speed=0,Engine Coolant Temperature=0,Throttle Position=0,Intake Manifold Pressure=0,Intake Air Temperature=0,MAF Air Flow Rate=0,Run Time Since Engine Start=0,Barometric Pressure=0,Catalyst Temperature Bank1 Sensor1=0,Control Module Voltage=0
2025-10-21T23:35:49+10:00,Vehicle Speed=0,Engine Coolant Temperature=0,Throttle Position=0,Intake Manifold Pressure=0,Intake Air Temperature=0,MAF Air Flow Rate=0,Run Time Since Engine Start=0,Barometric Pressure=0,Catalyst Temperature Bank1 Sensor1=0,Control Module Voltage=0
2025-10-21T23:35:52+10:00,Vehicle Speed=0,Engine Coolant Temperature=0,Throttle Position=0,Intake Manifold Pressure=0,Intake Air Temperature=0,MAF Air Flow Rate=0,Run Time Since Engine Start=0,Barometric Pressure=0,Catalyst Temperature Bank1 Sensor1=0,Control Module Voltage=0
2025-10-21T23:35:56+10:00,Vehicle Speed=0,Engine Coolant Temperature=0,Throttle Position=0,Intake Manifold Pressure=0,Intake Air Temperature=0,MAF Air Flow Rate=0,Run Time Since Engine Start=0,Barometric Pressure=0,Catalyst Temperature Bank1 Sensor1=0,Control Module Voltage=0
2025-10-21T23:35:59+10:00,Vehicle Speed=0,Engine Coolant Temperature=0,Throttle Position=0,Intake Manifold Pressure=0,Intake Air Temperature=0,MAF Air Flow Rate=0,Run Time Since Engine Start=0,Barometric Pressure=0,Catalyst Temperature Bank1 Sensor1=0,Control Module Voltage=0
2025-10-21T23:36:03+10:00,Vehicle Speed=0,Engine Coolant Temperature=0,Throttle Position=0,Intake Manifold Pressure=0,Intake Air Temperature=0,MAF Air Flow Rate=0,Run Time Since Engine Start=0,Barometric Pressure=0,Catalyst Temperature Bank1 Sensor1=0,Control Module Voltage=0
2025-10-21T23:36:06+10:00,Vehicle Speed=0,Engine Coolant Temperature=0,Throttle Position=0,Intake Manifold Pressure=0,Intake Air Temperature=0,MAF Air Flow Rate=0,Run Time Since Engine Start=0,Barometric Pressure=0,Catalyst Temperature Bank1 Sensor1=0,Control Module Voltage=0
2025-10-21T23:36:10+10:00,Vehicle Speed=0,Engine Coolant Temperature=0,Throttle Position=0,Intake Manifold Pressure=0,Intake Air Temperature=0,MAF Air Flow Rate=0,Run Time Since Engine Start=0,Barometric Pressure=0,Catalyst Temperature Bank1 Sensor1=0,Control Module Voltage=0
2025-10-21T23:36:13+10:00,Vehicle Speed=0,Engine Coolant Temperature=0,Throttle Position=0,Intake Manifold Pressure=0,Intake Air Temperature=0,MAF Air Flow Rate=0,Run Time Since Engine Start=0,Barometric Pressure=0,Catalyst Temperature Bank1 Sensor1=0,Control Module Voltage=0
2025-10-21T23:36:17+10:00,Vehicle Speed=0,Engine Coolant Temperature=0,Throttle Position=0,Intake Manifold Pressure=0,Intake Air Temperature=0,MAF Air Flow Rate=0,Run Time Since Engine Start=0,Barometric Pressure=0,Catalyst Temperature Bank1 Sensor1=0,Control Module Voltage=0
2025-10-21T23:36:21+10:00,Vehicle Speed=0,Engine Coolant Temperature=0,Throttle Position=0,Intake Manifold Pressure=0,Intake Air Temperature=0,MAF Air Flow Rate=0,Run Time Since Engine Start=0,Barometric Pressure=0,Catalyst Temperature Bank1 Sensor1=0,Control Module Voltage=0
2025-10-21T23:36:24+10:00,Vehicle Speed=0,Engine Coolant Temperature=0,Throttle Position=0,Intake Manifold Pressure=0,Intake Air Temperature=0,MAF Air Flow Rate=0,Run Time Since Engine Start=0,Barometric Pressure=0,Catalyst Temperature Bank1 Sensor1=0,Control Module Voltage=0
2025-10-21T23:36:28+10:00,Vehicle Speed=0,Engine Coolant Temperature=0,Throttle Position=0,Intake Manifold Pressure=0,Intake Air Temperature=0,MAF Air Flow Rate=0,Run Time Since Engine Start=0,Barometric Pressure=0,Catalyst Temperature Bank1 Sensor1=0,Control Module Voltage=0
2025-10-21T23:36:31+10:00,Vehicle Speed=0,Engine Coolant Temperature=0,Throttle Position=0,Intake Manifold Pressure=0,Intake Air Temperature=0,MAF Air Flow Rate=0,Run Time Since Engine Start=0,Barometric Pressure=0,Catalyst Temperature Bank1 Sensor1=0,Control Module Voltage=0
2025-10-21T23:36:35+10:00,Vehicle Speed=0,Engine Coolant Temperature=0,Throttle Position=0,Intake Manifold Pressure=0,Intake Air Temperature=0,MAF Air Flow Rate=0,Run Time Since Engine Start=0,Barometric Pressure=0,Catalyst Temperature Bank1 Sensor1=0,Control Module Voltage=0
2025-10-21T23:36:38+10:00,Vehicle Speed=0,Engine Coolant Temperature=0,Throttle Position=0,Intake Manifold Pressure=0,Intake Air Temperature=0,MAF Air Flow Rate=0,Run Time Since Engine Start=0,Barometric Pressure=0,Catalyst Temperature Bank1 Sensor1=0,Control Module Voltage=0
2025-10-21T23:36:42+10:00,Vehicle Speed=0,Engine Coolant Temperature=0,Throttle Position=0,Intake Manifold Pressure=0,Intake Air Temperature=0,MAF Air Flow Rate=0,Run Time Since Engine Start=0,Barometric Pressure=0,Catalyst Temperature Bank1 Sensor1=0,Control Module Voltage=0
2025-10-21T23:36:45+10:00,Vehicle Speed=0,Engine Coolant Temperature=0,Throttle Position=0,Intake Manifold Pressure=0,Intake Air Temperature=0,MAF Air Flow Rate=0,Run Time Since Engine Start=0,Barometric Pressure=0,Catalyst Temperature Bank1 Sensor1=0,Control Module Voltage=0
2025-10-21T23:36:49+10:00,Vehicle Speed=0,Engine Coolant Temperature=0,Throttle Position=0,Intake Manifold Pressure=0,Intake Air Temperature=0,MAF Air Flow Rate=0,Run Time Since Engine Start=0,Barometric Pressure=0,Catalyst Temperature Bank1 Sensor1=0,Control Module Voltage=0
2025-10-21T23:36:52+10:00,Vehicle Speed=0,Engine Coolant Temperature=0,Throttle Position=0,Intake Manifold Pressure=0,Intake Air Temperature=0,MAF Air Flow Rate=0,Run Time Since Engine Start=0,Barometric Pressure=0,Catalyst Temperature Bank1 Sensor1=0,Control Module Voltage=0
2025-10-21T23:36:56+10:00,Vehicle Speed=0,Engine Coolant Temperature=0,Throttle Position=0,Intake Manifold Pressure=0,Intake Air Temperature=0,MAF Air Flow Rate=0,Run Time Since Engine Start=0,Barometric Pressure=0,Catalyst Temperature Bank1 Sensor1=0,Control Module Voltage=0
